S-WordCount,S-LineCount,S-Density,S-ParaCount,S-FunCalls,S-VarCount,S-RepWords,S-ComPer,S-MaxDepth,S-BlockCount,S-CycCom,T-#T, T-#PT, T-#FT, T-%PT, T-%FT, T-#E, T-#VE, T_#NVE, T-#V, T-Spa, T-Cov, T-CovPT, T-CovFT, T-AvgVE, T-AvgVEPT, T-AvgVEFT, T-#VEP^FT, T-%VEP^FT
26.834134667675507,6.24690594655775,4.099519628944253,1.2385145359168506,1.8536536002898982,1.448810253645066,3.523109457889039,0.5724964614882005,1.4432873920806568,1.9637708969623096,3.619227465538387,89, 88, 1, 0.9888, 0.0112, 162, 79, 83, 1017, 0.0705, 0.4877, 0.4877, 0.0309, 11.427, 11.5, 5, 5, 0.0633
