S-WordCount,S-LineCount,S-Density,S-ParaCount,S-FunCalls,S-VarCount,S-RepWords,S-ComPer,S-MaxDepth,S-BlockCount,S-CycCom,T-#T, T-#PT, T-#FT, T-%PT, T-%FT, T-#E, T-#VE, T_#NVE, T-#V, T-Spa, T-Cov, T-CovPT, T-CovFT, T-AvgVE, T-AvgVEPT, T-AvgVEFT, T-#VEP^FT, T-%VEP^FT
40.63544544435479,9.43634602518255,4.042170983129647,1.1068964367743963,2.8368849044890845,2.590800842552844,4.734509652235533,0.448324363323332,1.6609875353706274,2.524181034498372,6.108064651237716,89, 88, 1, 0.9888, 0.0112, 162, 79, 83, 1017, 0.0705, 0.4877, 0.4877, 0.0309, 11.427, 11.5, 5, 5, 0.0633
