S-WordCount,S-LineCount,S-Density,S-ParaCount,S-FunCalls,S-VarCount,S-RepWords,S-ComPer,S-MaxDepth,S-BlockCount,S-CycCom
26.834134667675507,6.24690594655775,4.099519628944253,1.2385145359168506,1.8536536002898982,1.448810253645066,3.523109457889039,0.5724964614882005,1.4432873920806568,1.9637708969623096,3.619227465538387
