S-WordCount,S-LineCount,S-Density,S-ParaCount,S-FunCalls,S-VarCount,S-RepWords,S-ComPer,S-MaxDepth,S-BlockCount,S-CycCom
40.65337774996036,9.45075156779055,4.037534528102649,1.1076633267468077,2.8377626202715156,2.594800935528677,4.72445278017197,0.4495104340027897,1.6620266389814424,2.5259489877672565,6.1135861083567375
