S-WordCount,S-LineCount,S-Density,S-ParaCount,S-FunCalls,S-VarCount,S-RepWords,S-ComPer,S-MaxDepth,S-BlockCount,S-CycCom,T-#T, T-#PT, T-#FT, T-%PT, T-%FT, T-#E, T-#VE, T_#NVE, T-#V, T-Spa, T-Cov, T-CovPT, T-CovFT, T-AvgVE, T-AvgVEPT, T-AvgVEFT, T-#VEP^FT, T-%VEP^FT
35.56412870365945,8.018634037700352,4.277370287146332,0.971051215446444,2.896326019557006,1.9789630123889939,4.751454642250926,0.3699853718953607,1.6511715079355662,2.349475639068252,4.949746089531504,8, 7, 1, 0.875, 0.125, 30, 30, 0, 108, 0.45, 1, 1, 0.0667, 13.5, 15.1429, 2, 2, 0.0667
