S-WordCount,S-LineCount,S-Density,S-ParaCount,S-FunCalls,S-VarCount,S-RepWords,S-ComPer,S-MaxDepth,S-BlockCount,S-CycCom,T-#T, T-#PT, T-#FT, T-%PT, T-%FT, T-#E, T-#VE, T_#NVE, T-#V, T-Spa, T-Cov, T-CovPT, T-CovFT, T-AvgVE, T-AvgVEPT, T-AvgVEFT, T-#VEP^FT, T-%VEP^FT
27.463267441492402,6.256527181620358,4.16118799873298,1.0581901777871108,2.216868371263029,1.3601819918488463,3.998841366481335,0.47805934231080727,1.4793236654638644,1.972748421396949,3.505713859842444,8, 7, 1, 0.875, 0.125, 30, 30, 0, 108, 0.45, 1, 1, 0.0667, 13.5, 15.1429, 2, 2, 0.0667
