S-WordCount,S-LineCount,S-Density,S-ParaCount,S-FunCalls,S-VarCount,S-RepWords,S-ComPer,S-MaxDepth,S-BlockCount,S-CycCom
35.56724623303693,8.029212069612932,4.273293705367724,0.9714308427087307,2.897413753542103,1.9812371576218826,4.741113026714163,0.3709729859974509,1.652215517662754,2.3507716837977126,4.951931429527743
