S-WordCount,S-LineCount,S-Density,S-ParaCount,S-FunCalls,S-VarCount,S-RepWords,S-ComPer,S-MaxDepth,S-BlockCount,S-CycCom
27.463267441492402,6.256527181620358,4.16118799873298,1.0581901777871108,2.216868371263029,1.3601819918488463,3.998841366481335,0.47805934231080727,1.4793236654638644,1.972748421396949,3.505713859842444
