S-WordCount,S-LineCount,S-Density,S-ParaCount,S-FunCalls,S-VarCount,S-RepWords,S-ComPer,S-MaxDepth,S-BlockCount,S-CycCom,T-#T, T-#PT, T-#FT, T-%PT, T-%FT, T-#E, T-#VE, T_#NVE, T-#V, T-Spa, T-Cov, T-CovPT, T-CovFT, T-AvgVE, T-AvgVEPT, T-AvgVEFT, T-#VEP^FT, T-%VEP^FT
36.003137988581535,8.097253569825783,4.271065769291762,1.0057213201825979,3.030705885120488,2.0323007391603274,4.647680476448405,0.3770420118846774,1.6589970375623326,2.34089116510359,4.799396694588544,167, 166, 1, 0.994, 0.006, 107, 31, 76, 1314, 0.0735, 0.2897, 0.2897, 0.1215, 7.8683, 7.8373, 13, 13, 0.4194
