S-WordCount,S-LineCount,S-Density,S-ParaCount,S-FunCalls,S-VarCount,S-RepWords,S-ComPer,S-MaxDepth,S-BlockCount,S-CycCom,T-#T, T-#PT, T-#FT, T-%PT, T-%FT, T-#E, T-#VE, T_#NVE, T-#V, T-Spa, T-Cov, T-CovPT, T-CovFT, T-AvgVE, T-AvgVEPT, T-AvgVEFT, T-#VEP^FT, T-%VEP^FT
27.340925074388373,6.199043933390116,4.209484960715814,1.0931677710980678,2.2913383696292597,1.3749121636051502,3.9347270695416716,0.48752460361807887,1.4831614174838499,1.9577214653213963,3.373397716718145,167, 166, 1, 0.994, 0.006, 107, 31, 76, 1314, 0.0735, 0.2897, 0.2897, 0.1215, 7.8683, 7.8373, 13, 13, 0.4194
