S-WordCount,S-LineCount,S-Density,S-ParaCount,S-FunCalls,S-VarCount,S-RepWords,S-ComPer,S-MaxDepth,S-BlockCount,S-CycCom
36.00708590354145,8.106846001177166,4.2674336940275674,1.0061514211907614,3.032032689289379,2.0344612014470944,4.638229895107707,0.37793684120968246,1.65994395058085,2.342017349044361,4.800929383170264
