S-WordCount,S-LineCount,S-Density,S-ParaCount,S-FunCalls,S-VarCount,S-RepWords,S-ComPer,S-MaxDepth,S-BlockCount,S-CycCom,T-#T, T-#PT, T-#FT, T-%PT, T-%FT, T-#E, T-#VE, T_#NVE, T-#V, T-Spa, T-Cov, T-CovPT, T-CovFT, T-AvgVE, T-AvgVEPT, T-AvgVEFT, T-#VEP^FT, T-%VEP^FT
34.76427666741956,7.753646968644884,4.346223691131843,0.9540814280949376,2.8620050870493303,1.868784506743601,4.748470592134794,0.36800036949828496,1.6308035246136527,2.2932589219316504,4.913188189607356,278, 276, 2, 0.9928, 0.0072, 80, 54, 26, 671, 0.0302, 0.675, 0.6625, 0.0375, 2.4137, 2.4167, 2, 2, 0.037
