S-WordCount,S-LineCount,S-Density,S-ParaCount,S-FunCalls,S-VarCount,S-RepWords,S-ComPer,S-MaxDepth,S-BlockCount,S-CycCom
34.76502193187156,7.764258141681779,4.342024542613108,0.9544376247350077,2.863072887539716,1.870890167720412,4.73723172889482,0.36906617820188464,1.631869898266856,2.294480644700145,4.915440397392297
