S-WordCount,S-LineCount,S-Density,S-ParaCount,S-FunCalls,S-VarCount,S-RepWords,S-ComPer,S-MaxDepth,S-BlockCount,S-CycCom
27.339946259950903,6.140719193668759,4.296052684478458,1.0564018428686937,2.2563750521777974,1.316428602939286,4.024918347288472,0.4721447306048139,1.474510128521644,1.9496887012464161,3.517597595341225
