S-WordCount,S-LineCount,S-Density,S-ParaCount,S-FunCalls,S-VarCount,S-RepWords,S-ComPer,S-MaxDepth,S-BlockCount,S-CycCom,T-#T, T-#PT, T-#FT, T-%PT, T-%FT, T-#E, T-#VE, T_#NVE, T-#V, T-Spa, T-Cov, T-CovPT, T-CovFT, T-AvgVE, T-AvgVEPT, T-AvgVEFT, T-#VEP^FT, T-%VEP^FT
36.29500030087662,8.154990818636508,4.271629779157168,1.0056017388403835,3.042191745330378,2.0473511618922458,4.6722327759252344,0.3761829077729008,1.6621644984241144,2.3485835670044892,4.871187851883331,57, 56, 1, 0.9825, 0.0175, 738, 236, 502, 4336, 0.1031, 0.3198, 0.3198, 0.2507, 76.0702, 74.125, 185, 185, 0.7839
