S-WordCount,S-LineCount,S-Density,S-ParaCount,S-FunCalls,S-VarCount,S-RepWords,S-ComPer,S-MaxDepth,S-BlockCount,S-CycCom
27.56193862045555,6.242564286731443,4.211968417276351,1.0934363679365193,2.298658985446177,1.3859570501599494,3.9532632346349543,0.48673690322338486,1.4854823822179175,1.962940313288901,3.4326526707553238
