S-WordCount,S-LineCount,S-Density,S-ParaCount,S-FunCalls,S-VarCount,S-RepWords,S-ComPer,S-MaxDepth,S-BlockCount,S-CycCom
36.299747702937196,8.164765222096442,4.267989411824327,1.0060326790908858,3.0435531783219143,2.049558140084469,4.662823010038959,0.3770778336525366,1.6631225313720375,2.3497335849610503,4.872918713021475
