S-WordCount,S-LineCount,S-Density,S-ParaCount,S-FunCalls,S-VarCount,S-RepWords,S-ComPer,S-MaxDepth,S-BlockCount,S-CycCom,T-#T, T-#PT, T-#FT, T-%PT, T-%FT, T-#E, T-#VE, T_#NVE, T-#V, T-Spa, T-Cov, T-CovPT, T-CovFT, T-AvgVE, T-AvgVEPT, T-AvgVEFT, T-#VEP^FT, T-%VEP^FT
46.17263010719144,10.479431112106026,4.058713688728029,1.0169400700794096,3.4203242616485623,2.834852278242487,5.249330564651616,0.4807545622508977,1.722862165177357,2.7087860123542646,6.57694687680057,169, 168, 1, 0.9941, 0.0059, 359, 207, 152, 12866, 0.2121, 0.5766, 0.5766, 0.3621, 76.1302, 75.8095, 130, 130, 0.628
