S-WordCount,S-LineCount,S-Density,S-ParaCount,S-FunCalls,S-VarCount,S-RepWords,S-ComPer,S-MaxDepth,S-BlockCount,S-CycCom,T-#T, T-#PT, T-#FT, T-%PT, T-%FT, T-#E, T-#VE, T_#NVE, T-#V, T-Spa, T-Cov, T-CovPT, T-CovFT, T-AvgVE, T-AvgVEPT, T-AvgVEFT, T-#VEP^FT, T-%VEP^FT
31.389035653141466,7.181831378895341,4.176099091559103,1.222497477328338,2.270459340402369,1.6453580834242916,3.9643930187332033,0.5899160878181364,1.4978070228870548,2.1278658090682923,4.118091722598001,169, 168, 1, 0.9941, 0.0059, 359, 207, 152, 12866, 0.2121, 0.5766, 0.5766, 0.3621, 76.1302, 75.8095, 130, 130, 0.628
