S-WordCount,S-LineCount,S-Density,S-ParaCount,S-FunCalls,S-VarCount,S-RepWords,S-ComPer,S-MaxDepth,S-BlockCount,S-CycCom
31.389035653141466,7.181831378895341,4.176099091559103,1.222497477328338,2.270459340402369,1.6453580834242916,3.9643930187332033,0.5899160878181364,1.4978070228870548,2.1278658090682923,4.118091722598001
