S-WordCount,S-LineCount,S-Density,S-ParaCount,S-FunCalls,S-VarCount,S-RepWords,S-ComPer,S-MaxDepth,S-BlockCount,S-CycCom
46.17263010719144,10.479431112106026,4.058713688728029,1.0169400700794096,3.4203242616485623,2.834852278242487,5.249330564651616,0.4807545622508977,1.722862165177357,2.7087860123542646,6.57694687680057
