S-WordCount,S-LineCount,S-Density,S-ParaCount,S-FunCalls,S-VarCount,S-RepWords,S-ComPer,S-MaxDepth,S-BlockCount,S-CycCom,T-#T, T-#PT, T-#FT, T-%PT, T-%FT, T-#E, T-#VE, T_#NVE, T-#V, T-Spa, T-Cov, T-CovPT, T-CovFT, T-AvgVE, T-AvgVEPT, T-AvgVEFT, T-#VEP^FT, T-%VEP^FT
27.469228304036346,6.257819776173144,4.161343242264238,1.0581766072406245,2.217092285280048,1.3602396666714107,3.9992416976026703,0.47804141676601775,1.4793575918300783,1.9728298446758634,3.505812246304467,8, 7, 1, 0.875, 0.125, 29, 29, 0, 107, 0.4612, 1, 1, 0.069, 13.375, 15, 2, 2, 0.069
