S-WordCount,S-LineCount,S-Density,S-ParaCount,S-FunCalls,S-VarCount,S-RepWords,S-ComPer,S-MaxDepth,S-BlockCount,S-CycCom,T-#T, T-#PT, T-#FT, T-%PT, T-%FT, T-#E, T-#VE, T_#NVE, T-#V, T-Spa, T-Cov, T-CovPT, T-CovFT, T-AvgVE, T-AvgVEPT, T-AvgVEFT, T-#VEP^FT, T-%VEP^FT
35.57128574414982,8.020192355925332,4.277560158635148,0.9710382654334937,2.896619553183874,1.9790363957957098,4.75193810940106,0.36996353567400175,1.651214674645401,2.349579239171852,4.9498712729900225,8, 7, 1, 0.875, 0.125, 29, 29, 0, 107, 0.4612, 1, 1, 0.069, 13.375, 15, 2, 2, 0.069
