S-WordCount,S-LineCount,S-Density,S-ParaCount,S-FunCalls,S-VarCount,S-RepWords,S-ComPer,S-MaxDepth,S-BlockCount,S-CycCom
35.57442502744975,8.030775124367471,4.273484153973537,0.9714178533340394,2.8977081793684447,1.9813107640784686,4.741597963369321,0.37095108340459854,1.6522588155783937,2.3508755987952443,4.9520569934830965
