S-WordCount,S-LineCount,S-Density,S-ParaCount,S-FunCalls,S-VarCount,S-RepWords,S-ComPer,S-MaxDepth,S-BlockCount,S-CycCom
27.469228304036346,6.257819776173144,4.161343242264238,1.0581766072406245,2.217092285280048,1.3602396666714107,3.9992416976026703,0.47804141676601775,1.4793575918300783,1.9728298446758634,3.505812246304467
