S-WordCount,S-LineCount,S-Density,S-ParaCount,S-FunCalls,S-VarCount,S-RepWords,S-ComPer,S-MaxDepth,S-BlockCount,S-CycCom
17.129386160904428,4.389612316949497,3.8674072816443306,1.0400122669483096,2.692617393038267,0.5866675884638383,2.852944227374901,0.4935806713823126,1.3968295003438125,1.706191991070291,1.9403763469794009
