S-WordCount,S-LineCount,S-Density,S-ParaCount,S-FunCalls,S-VarCount,S-RepWords,S-ComPer,S-MaxDepth,S-BlockCount,S-CycCom
18.343796775428057,4.609639940571498,4.080681728174127,0.9708773180229092,2.969135013040993,0.6590472737492911,3.013804829495224,0.4518628924075412,1.44180096813349,1.7795661746330254,2.129079824257935
