S-WordCount,S-LineCount,S-Density,S-ParaCount,S-FunCalls,S-VarCount,S-RepWords,S-ComPer,S-MaxDepth,S-BlockCount,S-CycCom,T-#T, T-#PT, T-#FT, T-%PT, T-%FT, T-#E, T-#VE, T_#NVE, T-#V, T-Spa, T-Cov, T-CovPT, T-CovFT, T-AvgVE, T-AvgVEPT, T-AvgVEFT, T-#VEP^FT, T-%VEP^FT
42.16183941389991,9.757603946668056,4.027584153119003,1.0439717243687203,3.032350760293978,2.593624418073431,4.942521260917302,0.44493487230647333,1.6900931656735905,2.589154057712231,6.367710203736576,222, 221, 1, 0.9955, 0.0045, 172, 96, 76, 3260, 0.0854, 0.5581, 0.5581, 0.1163, 14.6847, 14.6606, 20, 20, 0.2083
