S-WordCount,S-LineCount,S-Density,S-ParaCount,S-FunCalls,S-VarCount,S-RepWords,S-ComPer,S-MaxDepth,S-BlockCount,S-CycCom
42.180253370120745,9.770210570842462,4.023741202541256,1.0444495453305933,3.033543729428839,2.596916338815716,4.9347644375044295,0.44590075283787156,1.6910168392435962,2.590762939679954,6.372871896907988
