S-WordCount,S-LineCount,S-Density,S-ParaCount,S-FunCalls,S-VarCount,S-RepWords,S-ComPer,S-MaxDepth,S-BlockCount,S-CycCom
28.81341625453748,6.704347992846279,4.150005156022607,1.2219785510368883,2.005508251269206,1.4928891661975654,3.754843369903653,0.5651665798790785,1.4724730003350566,2.050162053776341,3.897181368784236
