S-WordCount,S-LineCount,S-Density,S-ParaCount,S-FunCalls,S-VarCount,S-RepWords,S-ComPer,S-MaxDepth,S-BlockCount,S-CycCom
18.281029290228563,4.600906832466468,4.0758149012520954,0.9700252538394577,2.9684368357425663,0.6569430343101214,3.0089797063126147,0.4523917414088257,1.442113311265723,1.7770681192206266,2.112367344071413
