S-WordCount,S-LineCount,S-Density,S-ParaCount,S-FunCalls,S-VarCount,S-RepWords,S-ComPer,S-MaxDepth,S-BlockCount,S-CycCom
17.070204900544596,4.380967840157979,3.8630168624823424,1.039403250591743,2.691118104455138,0.5846440607292729,2.8479748549954587,0.4940418037940487,1.3969719153363642,1.7037312136844958,1.9250110652022094
