S-WordCount,S-LineCount,S-Density,S-ParaCount,S-FunCalls,S-VarCount,S-RepWords,S-ComPer,S-MaxDepth,S-BlockCount,S-CycCom,T-#T, T-#PT, T-#FT, T-%PT, T-%FT, T-#E, T-#VE, T_#NVE, T-#V, T-Spa, T-Cov, T-CovPT, T-CovFT, T-AvgVE, T-AvgVEPT, T-AvgVEFT, T-#VEP^FT, T-%VEP^FT
44.77082054594518,10.28784352645184,3.9887540791150524,1.029003597206896,3.192673473190977,2.774002175232126,5.159172765129896,0.45914710651871105,1.7079512645796402,2.6361034491452897,6.672903409164245,210, 209, 1, 0.9952, 0.0048, 169, 60, 109, 2129, 0.06, 0.355, 0.355, 0.0296, 10.1381, 10.1627, 5, 5, 0.0833
