S-WordCount,S-LineCount,S-Density,S-ParaCount,S-FunCalls,S-VarCount,S-RepWords,S-ComPer,S-MaxDepth,S-BlockCount,S-CycCom
44.77082054594518,10.28784352645184,3.9887540791150524,1.029003597206896,3.192673473190977,2.774002175232126,5.159172765129896,0.45914710651871105,1.7079512645796402,2.6361034491452897,6.672903409164245
