S-WordCount,S-LineCount,S-Density,S-ParaCount,S-FunCalls,S-VarCount,S-RepWords,S-ComPer,S-MaxDepth,S-BlockCount,S-CycCom
30.488352269787395,7.055057789229182,4.146558692847437,1.2204004606584733,2.0887436772500085,1.6079640478354975,3.9135023782861964,0.5752152687989066,1.4902171264180506,2.0892928293824715,4.159850983148444
