S-WordCount,S-LineCount,S-Density,S-ParaCount,S-FunCalls,S-VarCount,S-RepWords,S-ComPer,S-MaxDepth,S-BlockCount,S-CycCom,T-#T, T-#PT, T-#FT, T-%PT, T-%FT, T-#E, T-#VE, T_#NVE, T-#V, T-Spa, T-Cov, T-CovPT, T-CovFT, T-AvgVE, T-AvgVEPT, T-AvgVEFT, T-#VEP^FT, T-%VEP^FT
40.361562071788846,9.199091649440092,3.9818103143597905,1.1375660991522618,2.8019836113676293,2.4137224416481264,4.725260518899507,0.47430359100188324,1.7140051288994038,2.580916252007147,5.633334519348444,76, 75, 1, 0.9868, 0.0132, 536, 89, 447, 2037, 0.05, 0.166, 0.1604, 0.0933, 26.8026, 26.4933, 50, 47, 0.5281
