S-WordCount,S-LineCount,S-Density,S-ParaCount,S-FunCalls,S-VarCount,S-RepWords,S-ComPer,S-MaxDepth,S-BlockCount,S-CycCom
29.573518710202762,6.780947773710807,4.072726569974733,1.243643963946346,1.9720012988402988,1.5802798015459147,3.815288239125573,0.5862181059042414,1.5043500874287505,2.0976331322856674,3.8373334348507018
