S-WordCount,S-LineCount,S-Density,S-ParaCount,S-FunCalls,S-VarCount,S-RepWords,S-ComPer,S-MaxDepth,S-BlockCount,S-CycCom
40.38164172880036,9.215162787753815,3.9761663302979,1.1385709689901893,2.8028923081707577,2.4178015906511594,4.71343780981349,0.4757837401697943,1.7154062075932233,2.583184663486217,5.638170951378037
