S-WordCount,S-LineCount,S-Density,S-ParaCount,S-FunCalls,S-VarCount,S-RepWords,S-ComPer,S-MaxDepth,S-BlockCount,S-CycCom,T-#T, T-#PT, T-#FT, T-%PT, T-%FT, T-#E, T-#VE, T_#NVE, T-#V, T-Spa, T-Cov, T-CovPT, T-CovFT, T-AvgVE, T-AvgVEPT, T-AvgVEFT, T-#VEP^FT, T-%VEP^FT
36.62427614505781,8.219261192978028,4.277624907107364,1.0047017708255956,3.06280191253244,2.069356747664312,4.708684411345421,0.37478857020476547,1.668102560400421,2.360881105152208,4.920460429156723,117, 116, 1, 0.9915, 0.0085, 104, 56, 48, 3106, 0.2553, 0.5385, 0.5385, 0.25, 26.547, 26.5517, 26, 26, 0.4643
