S-WordCount,S-LineCount,S-Density,S-ParaCount,S-FunCalls,S-VarCount,S-RepWords,S-ComPer,S-MaxDepth,S-BlockCount,S-CycCom,T-#T, T-#PT, T-#FT, T-%PT, T-%FT, T-#E, T-#VE, T_#NVE, T-#V, T-Spa, T-Cov, T-CovPT, T-CovFT, T-AvgVE, T-AvgVEPT, T-AvgVEFT, T-#VEP^FT, T-%VEP^FT
27.761414401849976,6.278970374210473,4.216310208897404,1.0934857179420965,2.3098921852383154,1.3980893787310644,3.9784776998719877,0.4861045455006565,1.4886765674400892,1.969483529627095,3.461016531309386,117, 116, 1, 0.9915, 0.0085, 104, 56, 48, 3106, 0.2553, 0.5385, 0.5385, 0.25, 26.547, 26.5517, 26, 26, 0.4643
