S-WordCount,S-LineCount,S-Density,S-ParaCount,S-FunCalls,S-VarCount,S-RepWords,S-ComPer,S-MaxDepth,S-BlockCount,S-CycCom
36.62997509207038,8.229318022635171,4.273961134470198,1.0051349618766112,3.064234536505311,2.0716479703880664,4.699271401120002,0.3756894670296209,1.669087287866832,2.3620772914420254,4.922344831338104
