S-WordCount,S-LineCount,S-Density,S-ParaCount,S-FunCalls,S-VarCount,S-RepWords,S-ComPer,S-MaxDepth,S-BlockCount,S-CycCom
27.761414401849976,6.278970374210473,4.216310208897404,1.0934857179420965,2.3098921852383154,1.3980893787310644,3.9784776998719877,0.4861045455006565,1.4886765674400892,1.969483529627095,3.461016531309386
