S-WordCount,S-LineCount,S-Density,S-ParaCount,S-FunCalls,S-VarCount,S-RepWords,S-ComPer,S-MaxDepth,S-BlockCount,S-CycCom,T-#T, T-#PT, T-#FT, T-%PT, T-%FT, T-#E, T-#VE, T_#NVE, T-#V, T-Spa, T-Cov, T-CovPT, T-CovFT, T-AvgVE, T-AvgVEPT, T-AvgVEFT, T-#VEP^FT, T-%VEP^FT
26.81930108996903,6.090984913138864,4.145508154320224,1.0614724355132457,2.234582141025802,1.335297891007132,3.9526764525034572,0.47618643830639273,1.4728363319688336,1.9476088435963295,3.396839183409032,13, 11, 2, 0.8462, 0.1538, 243, 55, 188, 276, 0.0874, 0.2263, 0.2222, 0.0947, 21.2308, 21.8182, 18, 22, 0.4
