S-WordCount,S-LineCount,S-Density,S-ParaCount,S-FunCalls,S-VarCount,S-RepWords,S-ComPer,S-MaxDepth,S-BlockCount,S-CycCom,T-#T, T-#PT, T-#FT, T-%PT, T-%FT, T-#E, T-#VE, T_#NVE, T-#V, T-Spa, T-Cov, T-CovPT, T-CovFT, T-AvgVE, T-AvgVEPT, T-AvgVEFT, T-#VEP^FT, T-%VEP^FT
34.50441747616858,7.759006569386381,4.26026243499128,0.9761461519934197,2.9008921175451268,1.9352902719257135,4.669915447756688,0.3654720217668403,1.6396217247481253,2.3085705945526254,4.766709924175247,13, 11, 2, 0.8462, 0.1538, 243, 55, 188, 276, 0.0874, 0.2263, 0.2222, 0.0947, 21.2308, 21.8182, 18, 22, 0.4
