S-WordCount,S-LineCount,S-Density,S-ParaCount,S-FunCalls,S-VarCount,S-RepWords,S-ComPer,S-MaxDepth,S-BlockCount,S-CycCom
34.504319366479045,7.768287678985581,4.2563480163823035,0.976520769589499,2.901936586072743,1.9373205919290484,4.659875301629635,0.36639539839352403,1.640578293673362,2.3096815273234563,4.768254421850763
