S-WordCount,S-LineCount,S-Density,S-ParaCount,S-FunCalls,S-VarCount,S-RepWords,S-ComPer,S-MaxDepth,S-BlockCount,S-CycCom
26.81930108996903,6.090984913138864,4.145508154320224,1.0614724355132457,2.234582141025802,1.335297891007132,3.9526764525034572,0.47618643830639273,1.4728363319688336,1.9476088435963295,3.396839183409032
