S-WordCount,S-LineCount,S-Density,S-ParaCount,S-FunCalls,S-VarCount,S-RepWords,S-ComPer,S-MaxDepth,S-BlockCount,S-CycCom,T-#T, T-#PT, T-#FT, T-%PT, T-%FT, T-#E, T-#VE, T_#NVE, T-#V, T-Spa, T-Cov, T-CovPT, T-CovFT, T-AvgVE, T-AvgVEPT, T-AvgVEFT, T-#VEP^FT, T-%VEP^FT
36.63230304699911,8.21539985156259,4.282764362407006,1.004701770825596,3.0627771416629845,2.0678981805862557,4.708194392205633,0.3747483153269372,1.6678300808363875,2.360967803195307,4.918323941666015,334, 333, 1, 0.997, 0.003, 77, 74, 3, 650, 0.0253, 0.961, 0.961, 0.1429, 1.9461, 1.9189, 11, 11, 0.1486
