S-WordCount,S-LineCount,S-Density,S-ParaCount,S-FunCalls,S-VarCount,S-RepWords,S-ComPer,S-MaxDepth,S-BlockCount,S-CycCom
36.63802392543774,8.225446131106574,4.2791146319974365,1.0051349618766108,3.0642096979558837,2.0701854181540607,4.698780043130107,0.37564910216578723,1.6688140638231166,2.3621642263650244,4.920202506449885
