S-WordCount,S-LineCount,S-Density,S-ParaCount,S-FunCalls,S-VarCount,S-RepWords,S-ComPer,S-MaxDepth,S-BlockCount,S-CycCom
27.768850189685548,6.275570231411609,4.221083641543273,1.0934857179420974,2.3098679604321157,1.3967338095756168,3.9785982325730638,0.48605807272242973,1.4884440093005546,1.969551359084459,3.4590584019744233
