S-WordCount,S-LineCount,S-Density,S-ParaCount,S-FunCalls,S-VarCount,S-RepWords,S-ComPer,S-MaxDepth,S-BlockCount,S-CycCom,T-#T, T-#PT, T-#FT, T-%PT, T-%FT, T-#E, T-#VE, T_#NVE, T-#V, T-Spa, T-Cov, T-CovPT, T-CovFT, T-AvgVE, T-AvgVEPT, T-AvgVEFT, T-#VEP^FT, T-%VEP^FT
42.34415147715985,9.800182084441932,4.019394942840878,1.0379175240147005,3.0443164478073337,2.6046541372464884,4.956918463553188,0.4437007792562754,1.6926302501549595,2.595308813195627,6.405575419207318,70, 69, 1, 0.9857, 0.0143, 256, 158, 98, 5657, 0.3157, 0.6172, 0.6133, 0.2734, 80.8143, 80.971, 70, 69, 0.4367
