S-WordCount,S-LineCount,S-Density,S-ParaCount,S-FunCalls,S-VarCount,S-RepWords,S-ComPer,S-MaxDepth,S-BlockCount,S-CycCom
42.363051452798366,9.812922327894666,4.015522858701733,1.0383818428472937,3.0455412780963047,2.607980735082995,4.949177718540376,0.4446660103626881,1.6935623032844092,2.5969364933169783,6.410841293755595
