S-WordCount,S-LineCount,S-Density,S-ParaCount,S-FunCalls,S-VarCount,S-RepWords,S-ComPer,S-MaxDepth,S-BlockCount,S-CycCom
28.925840627024026,6.730527562970822,4.145032177833353,1.2182646294107784,2.012366087348857,1.4988188034881451,3.7648248589609614,0.5644589220466403,1.4742518017810118,2.054130892732519,3.920005994140713
