S-WordCount,S-LineCount,S-Density,S-ParaCount,S-FunCalls,S-VarCount,S-RepWords,S-ComPer,S-MaxDepth,S-BlockCount,S-CycCom,T-#T, T-#PT, T-#FT, T-%PT, T-%FT, T-#E, T-#VE, T_#NVE, T-#V, T-Spa, T-Cov, T-CovPT, T-CovFT, T-AvgVE, T-AvgVEPT, T-AvgVEFT, T-#VEP^FT, T-%VEP^FT
26.807818476434228,6.088762507511356,4.145400831029571,1.0614038166396258,2.2333677134491094,1.3350748796678633,3.9527590441719056,0.47618506883038886,1.473141796632051,1.9471262979689299,3.395993068427041,16, 15, 1, 0.9375, 0.0625, 468, 102, 366, 952, 0.1271, 0.2179, 0.2179, 0.1346, 59.5, 59.2667, 63, 63, 0.6176
