S-WordCount,S-LineCount,S-Density,S-ParaCount,S-FunCalls,S-VarCount,S-RepWords,S-ComPer,S-MaxDepth,S-BlockCount,S-CycCom,T-#T, T-#PT, T-#FT, T-%PT, T-%FT, T-#E, T-#VE, T_#NVE, T-#V, T-Spa, T-Cov, T-CovPT, T-CovFT, T-AvgVE, T-AvgVEPT, T-AvgVEFT, T-#VEP^FT, T-%VEP^FT
34.490118173938285,7.756188697602997,4.260171268949992,0.9760514191400663,2.8993517996254967,1.9350060733656531,4.670017740100366,0.36545142797448255,1.6400038139233175,2.3079712896429783,4.765670255032129,16, 15, 1, 0.9375, 0.0625, 468, 102, 366, 952, 0.1271, 0.2179, 0.2179, 0.1346, 59.5, 59.2667, 63, 63, 0.6176
