S-WordCount,S-LineCount,S-Density,S-ParaCount,S-FunCalls,S-VarCount,S-RepWords,S-ComPer,S-MaxDepth,S-BlockCount,S-CycCom
26.807818476434228,6.088762507511356,4.145400831029571,1.0614038166396258,2.2333677134491094,1.3350748796678633,3.9527590441719056,0.47618506883038886,1.473141796632051,1.9471262979689299,3.395993068427041
