S-WordCount,S-LineCount,S-Density,S-ParaCount,S-FunCalls,S-VarCount,S-RepWords,S-ComPer,S-MaxDepth,S-BlockCount,S-CycCom
34.48997885588489,7.765461686534227,4.256256587614672,0.9764257637308055,2.900391829196572,1.9370355743529637,4.659977888763921,0.36637474525306113,1.6409614839700961,2.3090804953103206,4.767211756542968
