S-WordCount,S-LineCount,S-Density,S-ParaCount,S-FunCalls,S-VarCount,S-RepWords,S-ComPer,S-MaxDepth,S-BlockCount,S-CycCom,T-#T, T-#PT, T-#FT, T-%PT, T-%FT, T-#E, T-#VE, T_#NVE, T-#V, T-Spa, T-Cov, T-CovPT, T-CovFT, T-AvgVE, T-AvgVEPT, T-AvgVEFT, T-#VEP^FT, T-%VEP^FT
40.63626220267987,9.437598387947714,4.042847941818009,1.1068964367743963,2.8368849044890854,2.5910264234235876,4.734984149929164,0.4482987795881018,1.660987535370627,2.524406615369113,6.108290232108457,6, 4, 2, 0.6667, 0.3333, 240, 37, 203, 85, 0.059, 0.1542, 0.0917, 0.1042, 14.1667, 8.75, 25, 10, 0.2703
