S-WordCount,S-LineCount,S-Density,S-ParaCount,S-FunCalls,S-VarCount,S-RepWords,S-ComPer,S-MaxDepth,S-BlockCount,S-CycCom,T-#T, T-#PT, T-#FT, T-%PT, T-%FT, T-#E, T-#VE, T_#NVE, T-#V, T-Spa, T-Cov, T-CovPT, T-CovFT, T-AvgVE, T-AvgVEPT, T-AvgVEFT, T-#VEP^FT, T-%VEP^FT
26.834814939784334,6.24788856182608,4.100022834343593,1.2385145359168512,1.8536536002898982,1.448986620488099,3.5234873868383945,0.5724785656804396,1.4432873920806566,1.963947263805342,3.619403832381418,6, 4, 2, 0.6667, 0.3333, 240, 37, 203, 85, 0.059, 0.1542, 0.0917, 0.1042, 14.1667, 8.75, 25, 10, 0.2703
