S-WordCount,S-LineCount,S-Density,S-ParaCount,S-FunCalls,S-VarCount,S-RepWords,S-ComPer,S-MaxDepth,S-BlockCount,S-CycCom
40.65419691051579,9.45200761397561,4.038213477845979,1.1076633267468083,2.837762620271517,2.5950271798725693,4.724928673447053,0.4494847750212795,1.662026638981442,2.526175232111147,6.11381235270063
