S-WordCount,S-LineCount,S-Density,S-ParaCount,S-FunCalls,S-VarCount,S-RepWords,S-ComPer,S-MaxDepth,S-BlockCount,S-CycCom
26.834814939784334,6.24788856182608,4.100022834343593,1.2385145359168512,1.8536536002898982,1.448986620488099,3.5234873868383945,0.5724785656804396,1.4432873920806566,1.963947263805342,3.619403832381418
