S-WordCount,S-LineCount,S-Density,S-ParaCount,S-FunCalls,S-VarCount,S-RepWords,S-ComPer,S-MaxDepth,S-BlockCount,S-CycCom,T-#T, T-#PT, T-#FT, T-%PT, T-%FT, T-#E, T-#VE, T_#NVE, T-#V, T-Spa, T-Cov, T-CovPT, T-CovFT, T-AvgVE, T-AvgVEPT, T-AvgVEFT, T-#VEP^FT, T-%VEP^FT
31.011662337969202,7.11971212931608,4.14023408406947,1.2254715828583609,2.1842298896145755,1.6313831174673294,3.8887725020415873,0.5912098258898724,1.485874992598327,2.1154159549466307,4.082074610125675,352, 351, 1, 0.9972, 0.0028, 212, 183, 29, 6701, 0.0898, 0.8632, 0.8632, 0.0991, 19.0369, 19.0313, 21, 21, 0.1148
