S-WordCount,S-LineCount,S-Density,S-ParaCount,S-FunCalls,S-VarCount,S-RepWords,S-ComPer,S-MaxDepth,S-BlockCount,S-CycCom,T-#T, T-#PT, T-#FT, T-%PT, T-%FT, T-#E, T-#VE, T_#NVE, T-#V, T-Spa, T-Cov, T-CovPT, T-CovFT, T-AvgVE, T-AvgVEPT, T-AvgVEFT, T-#VEP^FT, T-%VEP^FT
45.872306371611785,10.43536486336983,4.008986285420706,1.0173394191930423,3.337555986764148,2.8339591700696953,5.165597948036725,0.481713710515897,1.7090275927240925,2.698882820207832,6.560780430107328,352, 351, 1, 0.9972, 0.0028, 212, 183, 29, 6701, 0.0898, 0.8632, 0.8632, 0.0991, 19.0369, 19.0313, 21, 21, 0.1148
