S-WordCount,S-LineCount,S-Density,S-ParaCount,S-FunCalls,S-VarCount,S-RepWords,S-ComPer,S-MaxDepth,S-BlockCount,S-CycCom
31.011662337969202,7.11971212931608,4.14023408406947,1.2254715828583609,2.1842298896145755,1.6313831174673294,3.8887725020415873,0.5912098258898724,1.485874992598327,2.1154159549466307,4.082074610125675
