S-WordCount,S-LineCount,S-Density,S-ParaCount,S-FunCalls,S-VarCount,S-RepWords,S-ComPer,S-MaxDepth,S-BlockCount,S-CycCom
45.872306371611785,10.43536486336983,4.008986285420706,1.0173394191930423,3.337555986764148,2.8339591700696953,5.165597948036725,0.481713710515897,1.7090275927240925,2.698882820207832,6.560780430107328
