S-WordCount,S-LineCount,S-Density,S-ParaCount,S-FunCalls,S-VarCount,S-RepWords,S-ComPer,S-MaxDepth,S-BlockCount,S-CycCom,T-#T, T-#PT, T-#FT, T-%PT, T-%FT, T-#E, T-#VE, T_#NVE, T-#V, T-Spa, T-Cov, T-CovPT, T-CovFT, T-AvgVE, T-AvgVEPT, T-AvgVEFT, T-#VEP^FT, T-%VEP^FT
42.859960086125966,9.792162866373335,4.011202938540244,1.1083413799454371,2.8363827604964493,2.673268114775664,4.936239722270096,0.4800934593723863,1.7124224431436075,2.6353588891829367,6.249953339168274,13, 12, 1, 0.9231, 0.0769, 284, 57, 227, 282, 0.0764, 0.2007, 0.1831, 0.0634, 21.6923, 22, 18, 13, 0.2281
