S-WordCount,S-LineCount,S-Density,S-ParaCount,S-FunCalls,S-VarCount,S-RepWords,S-ComPer,S-MaxDepth,S-BlockCount,S-CycCom,T-#T, T-#PT, T-#FT, T-%PT, T-%FT, T-#E, T-#VE, T_#NVE, T-#V, T-Spa, T-Cov, T-CovPT, T-CovFT, T-AvgVE, T-AvgVEPT, T-AvgVEFT, T-#VEP^FT, T-%VEP^FT
29.814172294801025,6.864528694482096,4.102360772999337,1.2479898304170856,1.9526136224807726,1.6120768242153776,3.803108427442812,0.6004846635115918,1.4939546007060314,2.100082910049764,3.925647232078886,13, 12, 1, 0.9231, 0.0769, 284, 57, 227, 282, 0.0764, 0.2007, 0.1831, 0.0634, 21.6923, 22, 18, 13, 0.2281
