S-WordCount,S-LineCount,S-Density,S-ParaCount,S-FunCalls,S-VarCount,S-RepWords,S-ComPer,S-MaxDepth,S-BlockCount,S-CycCom
42.886717316182796,9.809055796688158,4.00603456955707,1.1091844266778865,2.8373407065480083,2.6779063748528564,4.9258937208823905,0.4814922797166459,1.7137238262158005,2.6376491848938914,6.25644589257148
