S-WordCount,S-LineCount,S-Density,S-ParaCount,S-FunCalls,S-VarCount,S-RepWords,S-ComPer,S-MaxDepth,S-BlockCount,S-CycCom
29.814172294801025,6.864528694482096,4.102360772999337,1.2479898304170856,1.9526136224807726,1.6120768242153776,3.803108427442812,0.6004846635115918,1.4939546007060314,2.100082910049764,3.925647232078886
