S-WordCount,S-LineCount,S-Density,S-ParaCount,S-FunCalls,S-VarCount,S-RepWords,S-ComPer,S-MaxDepth,S-BlockCount,S-CycCom,T-#T, T-#PT, T-#FT, T-%PT, T-%FT, T-#E, T-#VE, T_#NVE, T-#V, T-Spa, T-Cov, T-CovPT, T-CovFT, T-AvgVE, T-AvgVEPT, T-AvgVEFT, T-#VEP^FT, T-%VEP^FT
26.609257944634248,5.872247805512095,4.296820413131581,0.9703558712493308,2.2892903192753993,1.1736159183177437,4.124810271438742,0.46968865179528063,1.4402805485169814,1.8865933777289317,3.4020050365567926,60, 59, 1, 0.9833, 0.0167, 46, 20, 26, 340, 0.1232, 0.4348, 0.4348, 0.1739, 5.6667, 5.6271, 8, 8, 0.4
