S-WordCount,S-LineCount,S-Density,S-ParaCount,S-FunCalls,S-VarCount,S-RepWords,S-ComPer,S-MaxDepth,S-BlockCount,S-CycCom,T-#T, T-#PT, T-#FT, T-%PT, T-%FT, T-#E, T-#VE, T_#NVE, T-#V, T-Spa, T-Cov, T-CovPT, T-CovFT, T-AvgVE, T-AvgVEPT, T-AvgVEFT, T-#VEP^FT, T-%VEP^FT
33.06568176797848,7.306498554866103,4.464799243801318,0.8390927532454736,2.833199727007043,1.6544582670482295,4.70169254360311,0.368574761506909,1.5816808520056087,2.1934289777232006,4.5761509718347435,60, 59, 1, 0.9833, 0.0167, 46, 20, 26, 340, 0.1232, 0.4348, 0.4348, 0.1739, 5.6667, 5.6271, 8, 8, 0.4
