S-WordCount,S-LineCount,S-Density,S-ParaCount,S-FunCalls,S-VarCount,S-RepWords,S-ComPer,S-MaxDepth,S-BlockCount,S-CycCom
26.609257944634248,5.872247805512095,4.296820413131581,0.9703558712493308,2.2892903192753993,1.1736159183177437,4.124810271438742,0.46968865179528063,1.4402805485169814,1.8865933777289317,3.4020050365567926
