S-WordCount,S-LineCount,S-Density,S-ParaCount,S-FunCalls,S-VarCount,S-RepWords,S-ComPer,S-MaxDepth,S-BlockCount,S-CycCom
33.06045914467885,7.316314288966812,4.460707873416538,0.8390677139089175,2.834244897888403,1.6559607104392837,4.689450864134152,0.3697219757948496,1.5826524425882733,2.1943876729524328,4.577375729781779
