S-WordCount,S-LineCount,S-Density,S-ParaCount,S-FunCalls,S-VarCount,S-RepWords,S-ComPer,S-MaxDepth,S-BlockCount,S-CycCom,T-#T, T-#PT, T-#FT, T-%PT, T-%FT, T-#E, T-#VE, T_#NVE, T-#V, T-Spa, T-Cov, T-CovPT, T-CovFT, T-AvgVE, T-AvgVEPT, T-AvgVEFT, T-#VEP^FT, T-%VEP^FT
42.35162789767972,9.803690250993572,4.019310744146377,1.0379175240147005,3.0443164478073337,2.605056713736023,4.956918463553191,0.44369860421256707,1.6926302501549597,2.596689075445456,6.408681009269434,18, 17, 1, 0.9444, 0.0556, 672, 83, 589, 939, 0.0776, 0.1235, 0.1205, 0.0729, 52.1667, 52.3529, 49, 47, 0.5663
