S-WordCount,S-LineCount,S-Density,S-ParaCount,S-FunCalls,S-VarCount,S-RepWords,S-ComPer,S-MaxDepth,S-BlockCount,S-CycCom
28.93164200362187,6.733034937602101,4.145414642027061,1.2182646294107755,2.012513579974226,1.4991137887388832,3.7648248589609628,0.564457352479778,1.4742518017810107,2.055114176901642,3.922513368771981
