S-WordCount,S-LineCount,S-Density,S-ParaCount,S-FunCalls,S-VarCount,S-RepWords,S-ComPer,S-MaxDepth,S-BlockCount,S-CycCom
42.37054597603135,9.816438988796321,4.015438456136301,1.0383818428472935,3.0455412780963047,2.6083842863340037,4.949177718540378,0.4446638300525303,1.6935623032844103,2.5983200976061513,6.413954403406233
