S-WordCount,S-LineCount,S-Density,S-ParaCount,S-FunCalls,S-VarCount,S-RepWords,S-ComPer,S-MaxDepth,S-BlockCount,S-CycCom,T-#T, T-#PT, T-#FT, T-%PT, T-%FT, T-#E, T-#VE, T_#NVE, T-#V, T-Spa, T-Cov, T-CovPT, T-CovFT, T-AvgVE, T-AvgVEPT, T-AvgVEFT, T-#VEP^FT, T-%VEP^FT
30.967301657774822,7.014358164468132,4.191758899191832,1.2267230106285347,2.1515121450885752,1.629564280469342,3.9247400365768192,0.5830408506191866,1.4816128767120957,2.083402583902873,4.119597970318763,25, 23, 2, 0.92, 0.08, 717, 100, 617, 666, 0.0372, 0.1395, 0.1395, 0.0711, 26.64, 24.8696, 47, 51, 0.51
