S-WordCount,S-LineCount,S-Density,S-ParaCount,S-FunCalls,S-VarCount,S-RepWords,S-ComPer,S-MaxDepth,S-BlockCount,S-CycCom,T-#T, T-#PT, T-#FT, T-%PT, T-%FT, T-#E, T-#VE, T_#NVE, T-#V, T-Spa, T-Cov, T-CovPT, T-CovFT, T-AvgVE, T-AvgVEPT, T-AvgVEFT, T-#VEP^FT, T-%VEP^FT
45.05439144277976,10.125633495131176,4.052242584261386,1.0466940968994851,3.247428381527706,2.7720866693231785,5.164789894728529,0.46875940839381497,1.6956505846166312,2.601644286090326,6.541520380982795,25, 23, 2, 0.92, 0.08, 717, 100, 617, 666, 0.0372, 0.1395, 0.1395, 0.0711, 26.64, 24.8696, 47, 51, 0.51
