S-WordCount,S-LineCount,S-Density,S-ParaCount,S-FunCalls,S-VarCount,S-RepWords,S-ComPer,S-MaxDepth,S-BlockCount,S-CycCom
30.967301657774822,7.014358164468132,4.191758899191832,1.2267230106285347,2.1515121450885752,1.629564280469342,3.9247400365768192,0.5830408506191866,1.4816128767120957,2.083402583902873,4.119597970318763
