S-WordCount,S-LineCount,S-Density,S-ParaCount,S-FunCalls,S-VarCount,S-RepWords,S-ComPer,S-MaxDepth,S-BlockCount,S-CycCom
45.05439144277976,10.125633495131176,4.052242584261386,1.0466940968994851,3.247428381527706,2.7720866693231785,5.164789894728529,0.46875940839381497,1.6956505846166312,2.601644286090326,6.541520380982795
