S-WordCount,S-LineCount,S-Density,S-ParaCount,S-FunCalls,S-VarCount,S-RepWords,S-ComPer,S-MaxDepth,S-BlockCount,S-CycCom,T-#T, T-#PT, T-#FT, T-%PT, T-%FT, T-#E, T-#VE, T_#NVE, T-#V, T-Spa, T-Cov, T-CovPT, T-CovFT, T-AvgVE, T-AvgVEPT, T-AvgVEFT, T-#VEP^FT, T-%VEP^FT
32.93382870087809,7.3044022510913535,4.457360868035389,0.8395975488032731,2.833928876146088,1.6517590130238882,4.7001921790285435,0.3951625006847447,1.5817930287962316,2.1931204915489904,4.578422551844844,114, 112, 2, 0.9825, 0.0175, 111, 100, 11, 1267, 0.1001, 0.9009, 0.9009, 0.0721, 11.114, 11.2411, 4, 8, 0.08
