S-WordCount,S-LineCount,S-Density,S-ParaCount,S-FunCalls,S-VarCount,S-RepWords,S-ComPer,S-MaxDepth,S-BlockCount,S-CycCom
26.52877306985859,5.871235641387187,4.293082604378775,0.9709005335586989,2.2897714376486746,1.1716233620359722,4.123884345512817,0.4839191481598948,1.4403168593376063,1.8863573573948722,3.403639023484898
