S-WordCount,S-LineCount,S-Density,S-ParaCount,S-FunCalls,S-VarCount,S-RepWords,S-ComPer,S-MaxDepth,S-BlockCount,S-CycCom
32.928138513510696,7.31421055149073,4.453243120431578,0.8395742995218862,2.8349766326626895,1.65325188459216,4.6879451791178255,0.39640399773572726,1.582765017168932,2.19407809285562,4.579655365040137
