S-WordCount,S-LineCount,S-Density,S-ParaCount,S-FunCalls,S-VarCount,S-RepWords,S-ComPer,S-MaxDepth,S-BlockCount,S-CycCom,T-#T, T-#PT, T-#FT, T-%PT, T-%FT, T-#E, T-#VE, T_#NVE, T-#V, T-Spa, T-Cov, T-CovPT, T-CovFT, T-AvgVE, T-AvgVEPT, T-AvgVEFT, T-#VEP^FT, T-%VEP^FT
27.557727681065217,6.241949524649653,4.2119659392972935,1.0931888431840433,2.2986589854461794,1.3862270771626488,3.9535424779848216,0.4867399667208868,1.4849873327129661,1.9625577750350751,3.4335302585141014,18, 16, 2, 0.8889, 0.1111, 776, 120, 656, 1120, 0.0802, 0.1546, 0.1546, 0.0941, 62.2222, 61.0625, 71.5, 73, 0.6083
