S-WordCount,S-LineCount,S-Density,S-ParaCount,S-FunCalls,S-VarCount,S-RepWords,S-ComPer,S-MaxDepth,S-BlockCount,S-CycCom,T-#T, T-#PT, T-#FT, T-%PT, T-%FT, T-#E, T-#VE, T_#NVE, T-#V, T-Spa, T-Cov, T-CovPT, T-CovFT, T-AvgVE, T-AvgVEPT, T-AvgVEFT, T-#VEP^FT, T-%VEP^FT
36.29826102283572,8.155938497240095,4.271777001936154,1.0052648116166643,3.0424805400935666,2.048361943563404,4.673198342254681,0.37618866015853125,1.6615585956856616,2.348382543198744,4.873738872291495,18, 16, 2, 0.8889, 0.1111, 776, 120, 656, 1120, 0.0802, 0.1546, 0.1546, 0.0941, 62.2222, 61.0625, 71.5, 73, 0.6083
