S-WordCount,S-LineCount,S-Density,S-ParaCount,S-FunCalls,S-VarCount,S-RepWords,S-ComPer,S-MaxDepth,S-BlockCount,S-CycCom
27.557727681065217,6.241949524649653,4.2119659392972935,1.0931888431840433,2.2986589854461794,1.3862270771626488,3.9535424779848216,0.4867399667208868,1.4849873327129661,1.9625577750350751,3.4335302585141014
