S-WordCount,S-LineCount,S-Density,S-ParaCount,S-FunCalls,S-VarCount,S-RepWords,S-ComPer,S-MaxDepth,S-BlockCount,S-CycCom
36.303017237658324,8.165715461993553,4.268137032502722,1.0056948412530482,3.0438427536114943,2.050571653597984,4.66379118600713,0.3770836015851549,1.6625149910586137,2.349532017847719,4.87547662807939
