S-WordCount,S-LineCount,S-Density,S-ParaCount,S-FunCalls,S-VarCount,S-RepWords,S-ComPer,S-MaxDepth,S-BlockCount,S-CycCom,T-#T, T-#PT, T-#FT, T-%PT, T-%FT, T-#E, T-#VE, T_#NVE, T-#V, T-Spa, T-Cov, T-CovPT, T-CovFT, T-AvgVE, T-AvgVEPT, T-AvgVEFT, T-#VEP^FT, T-%VEP^FT
34.991065118855616,7.721327504840049,4.454373066490669,0.94146009290678,2.8864452783748598,1.8565245617564774,4.806431573803838,0.36270509335272194,1.616372167707743,2.2672429456211143,4.859050541394334,197, 196, 1, 0.9949, 0.0051, 43, 38, 5, 333, 0.0393, 0.8837, 0.8837, 0.0698, 1.6904, 1.6837, 3, 3, 0.0789
