S-WordCount,S-LineCount,S-Density,S-ParaCount,S-FunCalls,S-VarCount,S-RepWords,S-ComPer,S-MaxDepth,S-BlockCount,S-CycCom
27.32007016469473,6.046898461793026,4.355595266377964,1.0519449733896604,2.2833664287539692,1.289451653447295,4.115072087116518,0.47041626293540073,1.4605261023481346,1.9249360996288063,3.497741598180167
