S-WordCount,S-LineCount,S-Density,S-ParaCount,S-FunCalls,S-VarCount,S-RepWords,S-ComPer,S-MaxDepth,S-BlockCount,S-CycCom
34.99254421552362,7.731729027606007,4.450568515425909,0.941771551229501,2.8875824801392818,1.8585695138185245,4.795492310470365,0.36374314812737835,1.6173809254202074,2.2683676711849814,4.8611037482918
