S-WordCount,S-LineCount,S-Density,S-ParaCount,S-FunCalls,S-VarCount,S-RepWords,S-ComPer,S-MaxDepth,S-BlockCount,S-CycCom
17.520616310655146,4.548153004208366,3.831380822961227,1.020846974756623,3.0411454718446183,0.5228578020139846,3.0174458309916137,0.4021875387327579,1.3606271410563247,1.6621963818401977,1.680524920708582
