S-WordCount,S-LineCount,S-Density,S-ParaCount,S-FunCalls,S-VarCount,S-RepWords,S-ComPer,S-MaxDepth,S-BlockCount,S-CycCom
17.564142309938607,4.422164490600978,4.032251396087834,0.9498376035473425,2.5772244419422314,0.5865864554283521,2.806153472714677,0.36818901745075594,1.3996103383838774,1.7305382798087432,1.8385864935092162
