S-WordCount,S-LineCount,S-Density,S-ParaCount,S-FunCalls,S-VarCount,S-RepWords,S-ComPer,S-MaxDepth,S-BlockCount,S-CycCom,T-#T, T-#PT, T-#FT, T-%PT, T-%FT, T-#E, T-#VE, T_#NVE, T-#V, T-Spa, T-Cov, T-CovPT, T-CovFT, T-AvgVE, T-AvgVEPT, T-AvgVEFT, T-#VEP^FT, T-%VEP^FT
30.888244643083937,7.11619642268585,4.151595460739189,1.22535848656939,2.1230333219787516,1.6293301935149562,3.9352361547765815,0.5734582002981131,1.495157233542456,2.096431134939795,4.169310806452806,8, 7, 1, 0.875, 0.125, 55, 19, 36, 84, 0.1909, 0.3455, 0.3455, 0.1455, 10.5, 10.8571, 8, 8, 0.4211
