S-WordCount,S-LineCount,S-Density,S-ParaCount,S-FunCalls,S-VarCount,S-RepWords,S-ComPer,S-MaxDepth,S-BlockCount,S-CycCom,T-#T, T-#PT, T-#FT, T-%PT, T-%FT, T-#E, T-#VE, T_#NVE, T-#V, T-Spa, T-Cov, T-CovPT, T-CovFT, T-AvgVE, T-AvgVEPT, T-AvgVEFT, T-#VEP^FT, T-%VEP^FT
45.05180735308773,10.31671639885994,3.9975346601061954,1.0344124044825072,3.2211394425579645,2.7837807657492095,5.169210168781756,0.4577266550677825,1.7113920057279872,2.636969090227486,6.652273978342792,8, 7, 1, 0.875, 0.125, 55, 19, 36, 84, 0.1909, 0.3455, 0.3455, 0.1455, 10.5, 10.8571, 8, 8, 0.4211
