S-WordCount,S-LineCount,S-Density,S-ParaCount,S-FunCalls,S-VarCount,S-RepWords,S-ComPer,S-MaxDepth,S-BlockCount,S-CycCom
30.888244643083937,7.11619642268585,4.151595460739189,1.22535848656939,2.1230333219787516,1.6293301935149562,3.9352361547765815,0.5734582002981131,1.495157233542456,2.096431134939795,4.169310806452806
