S-WordCount,S-LineCount,S-Density,S-ParaCount,S-FunCalls,S-VarCount,S-RepWords,S-ComPer,S-MaxDepth,S-BlockCount,S-CycCom,T-#T, T-#PT, T-#FT, T-%PT, T-%FT, T-#E, T-#VE, T_#NVE, T-#V, T-Spa, T-Cov, T-CovPT, T-CovFT, T-AvgVE, T-AvgVEPT, T-AvgVEFT, T-#VEP^FT, T-%VEP^FT
29.954539797050803,6.896737390736771,4.096205549704642,1.2495240158092327,1.9628384305082827,1.6215878655884914,3.8166138711467243,0.6003239490958929,1.4965996351820015,2.106021381941802,3.9474104758446242,3, 1, 2, 0.3333, 0.6667, 243, 60, 183, 147, 0.2016, 0.2469, 0.1852, 0.2099, 49, 45, 51, 36, 0.6
