S-WordCount,S-LineCount,S-Density,S-ParaCount,S-FunCalls,S-VarCount,S-RepWords,S-ComPer,S-MaxDepth,S-BlockCount,S-CycCom,T-#T, T-#PT, T-#FT, T-%PT, T-%FT, T-#E, T-#VE, T_#NVE, T-#V, T-Spa, T-Cov, T-CovPT, T-CovFT, T-AvgVE, T-AvgVEPT, T-AvgVEFT, T-#VEP^FT, T-%VEP^FT
43.12945326772009,9.849070829566513,4.019097397167196,1.116091047834487,2.8542142323264224,2.690699337635969,4.961634817252481,0.4792908417458017,1.7170647999196493,2.6455409280993245,6.2891696279924005,3, 1, 2, 0.3333, 0.6667, 243, 60, 183, 147, 0.2016, 0.2469, 0.1852, 0.2099, 49, 45, 51, 36, 0.6
