S-WordCount,S-LineCount,S-Density,S-ParaCount,S-FunCalls,S-VarCount,S-RepWords,S-ComPer,S-MaxDepth,S-BlockCount,S-CycCom
29.954539797050803,6.896737390736771,4.096205549704642,1.2495240158092327,1.9628384305082827,1.6215878655884914,3.8166138711467243,0.6003239490958929,1.4965996351820015,2.106021381941802,3.9474104758446242
