S-WordCount,S-LineCount,S-Density,S-ParaCount,S-FunCalls,S-VarCount,S-RepWords,S-ComPer,S-MaxDepth,S-BlockCount,S-CycCom
43.15725582995073,9.866257267401803,4.013921124367387,1.1169646310114474,2.8552360857046266,2.6954240305384496,4.951304036227904,0.48069611847537463,1.7183896299915835,2.6478789993129896,6.295831117951048
