S-WordCount,S-LineCount,S-Density,S-ParaCount,S-FunCalls,S-VarCount,S-RepWords,S-ComPer,S-MaxDepth,S-BlockCount,S-CycCom,T-#T, T-#PT, T-#FT, T-%PT, T-%FT, T-#E, T-#VE, T_#NVE, T-#V, T-Spa, T-Cov, T-CovPT, T-CovFT, T-AvgVE, T-AvgVEPT, T-AvgVEFT, T-#VEP^FT, T-%VEP^FT
41.35931680932792,9.554070889848663,4.029333723085283,1.0639846778188704,3.0660240929953773,2.555237619903492,4.736082293505422,0.4508028265810069,1.6556946414211557,2.544224302719056,5.975353965877286,434, 433, 1, 0.9977, 0.0023, 307, 256, 51, 5305, 0.0398, 0.8339, 0.8339, 0.0098, 12.2235, 12.2448, 3, 3, 0.0117
