S-WordCount,S-LineCount,S-Density,S-ParaCount,S-FunCalls,S-VarCount,S-RepWords,S-ComPer,S-MaxDepth,S-BlockCount,S-CycCom
41.376158427280686,9.566455110469377,4.025409693531641,1.0645225317242126,3.067326716586817,2.558507912222345,4.727643370393474,0.4518046599001994,1.656553906442701,2.5457579999527358,5.979661582507188
