S-WordCount,S-LineCount,S-Density,S-ParaCount,S-FunCalls,S-VarCount,S-RepWords,S-ComPer,S-MaxDepth,S-BlockCount,S-CycCom
28.13001097993145,6.509075072505126,4.157764332840271,1.2322712197117147,2.013802595735476,1.4687309330866265,3.6095830813541765,0.5710849063293552,1.446334437921328,2.0145886578632184,3.654330639967824
