S-WordCount,S-LineCount,S-Density,S-ParaCount,S-FunCalls,S-VarCount,S-RepWords,S-ComPer,S-MaxDepth,S-BlockCount,S-CycCom
17.559120359222604,4.421067722956216,4.032139754164017,0.949789382386364,2.57684120688016,0.5861497181394318,2.805690437546667,0.3681847066031945,1.3996316261089192,1.7302744791376583,1.8374410646146546
