S-WordCount,S-LineCount,S-Density,S-ParaCount,S-FunCalls,S-VarCount,S-RepWords,S-ComPer,S-MaxDepth,S-BlockCount,S-CycCom
17.518709801772516,4.5477442888325665,3.8315920087419117,1.0210377847185972,3.0412647884568633,0.5226631331385498,3.0173190006229564,0.402155733858923,1.3607232849926494,1.6621347707788412,1.6798599322518752
