S-WordCount,S-LineCount,S-Density,S-ParaCount,S-FunCalls,S-VarCount,S-RepWords,S-ComPer,S-MaxDepth,S-BlockCount,S-CycCom,T-#T, T-#PT, T-#FT, T-%PT, T-%FT, T-#E, T-#VE, T_#NVE, T-#V, T-Spa, T-Cov, T-CovPT, T-CovFT, T-AvgVE, T-AvgVEPT, T-AvgVEFT, T-#VEP^FT, T-%VEP^FT
44.69552575575234,10.043791582758667,4.059970256629891,1.0461188122109708,3.2247597593735766,2.749791084505097,5.105865349462,0.47174079936353314,1.6947658390992395,2.591496093949489,6.449797496815027,2741, 2740, 1, 0.9996, 0.0004, 228, 189, 39, 17609, 0.0282, 0.8289, 0.8289, 0.0965, 6.4243, 6.4186, 22, 22, 0.1164
