S-WordCount,S-LineCount,S-Density,S-ParaCount,S-FunCalls,S-VarCount,S-RepWords,S-ComPer,S-MaxDepth,S-BlockCount,S-CycCom,T-#T, T-#PT, T-#FT, T-%PT, T-%FT, T-#E, T-#VE, T_#NVE, T-#V, T-Spa, T-Cov, T-CovPT, T-CovFT, T-AvgVE, T-AvgVEPT, T-AvgVEFT, T-#VEP^FT, T-%VEP^FT
30.66513326673939,6.944087094094049,4.20820205376146,1.2381516937640928,2.1387483100098397,1.6103718705542756,3.8868694305875873,0.5844563060254228,1.4805358693528465,2.0710834233437327,4.054389423301325,2741, 2740, 1, 0.9996, 0.0004, 228, 189, 39, 17609, 0.0282, 0.8289, 0.8289, 0.0965, 6.4243, 6.4186, 22, 22, 0.1164
