S-WordCount,S-LineCount,S-Density,S-ParaCount,S-FunCalls,S-VarCount,S-RepWords,S-ComPer,S-MaxDepth,S-BlockCount,S-CycCom
30.66513326673939,6.944087094094049,4.20820205376146,1.2381516937640928,2.1387483100098397,1.6103718705542756,3.8868694305875873,0.5844563060254228,1.4805358693528465,2.0710834233437327,4.054389423301325
