S-WordCount,S-LineCount,S-Density,S-ParaCount,S-FunCalls,S-VarCount,S-RepWords,S-ComPer,S-MaxDepth,S-BlockCount,S-CycCom
44.69552575575234,10.043791582758667,4.059970256629891,1.0461188122109708,3.2247597593735766,2.749791084505097,5.105865349462,0.47174079936353314,1.6947658390992395,2.591496093949489,6.449797496815027
