S-WordCount,S-LineCount,S-Density,S-ParaCount,S-FunCalls,S-VarCount,S-RepWords,S-ComPer,S-MaxDepth,S-BlockCount,S-CycCom
17.56360957578602,4.423386103531104,4.031191329901801,0.948376211348078,2.5784926366267027,0.5864748441314886,2.8086698303104374,0.3683547673312855,1.400134215921511,1.7303453686202588,1.8381397212424206
