S-WordCount,S-LineCount,S-Density,S-ParaCount,S-FunCalls,S-VarCount,S-RepWords,S-ComPer,S-MaxDepth,S-BlockCount,S-CycCom
17.51808951684575,4.548664995853627,3.82981961985421,1.019798777272327,3.0412393995390103,0.5225460151225567,3.019366688346965,0.40233213661061024,1.360958162471779,1.6619693118312862,1.679980896923777
