S-WordCount,S-LineCount,S-Density,S-ParaCount,S-FunCalls,S-VarCount,S-RepWords,S-ComPer,S-MaxDepth,S-BlockCount,S-CycCom
18.43969143197328,4.621239734833816,4.105978067235705,0.9745889640519959,2.9730490297142795,0.6641807942876018,3.0229594119507177,0.45035808240749575,1.4423153387579826,1.7837098577244161,2.1513953932174914
