S-WordCount,S-LineCount,S-Density,S-ParaCount,S-FunCalls,S-VarCount,S-RepWords,S-ComPer,S-MaxDepth,S-BlockCount,S-CycCom
17.140163840411365,4.38710014854273,3.877986419835799,1.0432258053886545,2.6890056870031542,0.5883515716714234,2.8520353236341323,0.49351570543974044,1.3958424595460606,1.706881976387509,1.9456724942451347
