S-WordCount,S-LineCount,S-Density,S-ParaCount,S-FunCalls,S-VarCount,S-RepWords,S-ComPer,S-MaxDepth,S-BlockCount,S-CycCom,T-#T, T-#PT, T-#FT, T-%PT, T-%FT, T-#E, T-#VE, T_#NVE, T-#V, T-Spa, T-Cov, T-CovPT, T-CovFT, T-AvgVE, T-AvgVEPT, T-AvgVEFT, T-#VEP^FT, T-%VEP^FT
36.31818502277962,8.050644803012336,4.463518333552232,0.8917518095292116,2.9772643264531378,1.906068792311184,4.916560311809129,0.37278507563846197,1.6336381220880574,2.3204573162358453,5.0605606156042375,23, 22, 1, 0.9565, 0.0435, 106, 47, 59, 320, 0.1313, 0.4434, 0.4434, 0.2358, 13.913, 13.4091, 25, 25, 0.5319
