S-WordCount,S-LineCount,S-Density,S-ParaCount,S-FunCalls,S-VarCount,S-RepWords,S-ComPer,S-MaxDepth,S-BlockCount,S-CycCom
36.324300911041895,8.062714161309756,4.459549098642416,0.8919085035614275,2.9787722398139307,1.9083894093611535,4.905435618193875,0.37391127750557823,1.6347582107973189,2.321822884597215,5.063412132390607
