S-WordCount,S-LineCount,S-Density,S-ParaCount,S-FunCalls,S-VarCount,S-RepWords,S-ComPer,S-MaxDepth,S-BlockCount,S-CycCom
28.00122277775214,6.227510904638304,4.34184409298301,1.0081577590784925,2.346289805807571,1.3068958440709222,4.188005570511228,0.4738863660470867,1.4693627157111189,1.9548018589594571,3.6112697581232096
