S-WordCount,S-LineCount,S-Density,S-ParaCount,S-FunCalls,S-VarCount,S-RepWords,S-ComPer,S-MaxDepth,S-BlockCount,S-CycCom
18.412161507947655,4.618709373762094,4.09781711721844,0.9735273304504711,2.9546600933934815,0.6633196354646909,3.0145249649873467,0.4492210337587556,1.442763407968144,1.7845549497970095,2.1526970505871996
