S-WordCount,S-LineCount,S-Density,S-ParaCount,S-FunCalls,S-VarCount,S-RepWords,S-ComPer,S-MaxDepth,S-BlockCount,S-CycCom
17.11523998151783,4.384292208426336,3.871792244948158,1.0420844203875412,2.671907253004583,0.5878555186008522,2.84451845958864,0.492275917760267,1.3961018212437033,1.7073888780674915,1.9468393459154827
