S-WordCount,S-LineCount,S-Density,S-ParaCount,S-FunCalls,S-VarCount,S-RepWords,S-ComPer,S-MaxDepth,S-BlockCount,S-CycCom,T-#T, T-#PT, T-#FT, T-%PT, T-%FT, T-#E, T-#VE, T_#NVE, T-#V, T-Spa, T-Cov, T-CovPT, T-CovFT, T-AvgVE, T-AvgVEPT, T-AvgVEFT, T-#VEP^FT, T-%VEP^FT
31.07290630485697,6.969267649774731,4.126500122306922,1.2373938791858337,2.0767486382261042,1.652553311698979,3.9581805661522114,0.5834644220555586,1.5252701835873392,2.1249811650066963,3.991006454910695,45, 43, 2, 0.9556, 0.0444, 126, 47, 79, 986, 0.1739, 0.373, 0.373, 0.1746, 21.9111, 21.907, 22, 22, 0.4681
