S-WordCount,S-LineCount,S-Density,S-ParaCount,S-FunCalls,S-VarCount,S-RepWords,S-ComPer,S-MaxDepth,S-BlockCount,S-CycCom,T-#T, T-#PT, T-#FT, T-%PT, T-%FT, T-#E, T-#VE, T_#NVE, T-#V, T-Spa, T-Cov, T-CovPT, T-CovFT, T-AvgVE, T-AvgVEPT, T-AvgVEFT, T-#VEP^FT, T-%VEP^FT
42.30798185612831,9.423808846413399,4.0495458527079204,1.168074372031768,2.921563535528751,2.5019391769741253,4.893012325831136,0.4713654750717141,1.7396563988509328,2.6104568434451263,5.811510138771661,45, 43, 2, 0.9556, 0.0444, 126, 47, 79, 986, 0.1739, 0.373, 0.373, 0.1746, 21.9111, 21.907, 22, 22, 0.4681
