S-WordCount,S-LineCount,S-Density,S-ParaCount,S-FunCalls,S-VarCount,S-RepWords,S-ComPer,S-MaxDepth,S-BlockCount,S-CycCom
31.07290630485697,6.969267649774731,4.126500122306922,1.2373938791858337,2.0767486382261042,1.652553311698979,3.9581805661522114,0.5834644220555586,1.5252701835873392,2.1249811650066963,3.991006454910695
