S-WordCount,S-LineCount,S-Density,S-ParaCount,S-FunCalls,S-VarCount,S-RepWords,S-ComPer,S-MaxDepth,S-BlockCount,S-CycCom
42.33665167279866,9.441835958250854,4.043756111602385,1.169262270651244,2.9229771960345357,2.506629840982262,4.880979728679782,0.47293855677933017,1.7412503622869422,2.6129933007158552,5.817343131052112
