S-WordCount,S-LineCount,S-Density,S-ParaCount,S-FunCalls,S-VarCount,S-RepWords,S-ComPer,S-MaxDepth,S-BlockCount,S-CycCom,T-#T, T-#PT, T-#FT, T-%PT, T-%FT, T-#E, T-#VE, T_#NVE, T-#V, T-Spa, T-Cov, T-CovPT, T-CovFT, T-AvgVE, T-AvgVEPT, T-AvgVEFT, T-#VEP^FT, T-%VEP^FT
44.725787865502504,10.029794075158529,4.071460134940122,1.0479654802516964,3.231571388420518,2.747067508219899,5.127219949708454,0.4703391175820854,1.6912898335382665,2.5808314924437816,6.464605645414846,82, 81, 1, 0.9878, 0.0122, 113, 95, 18, 2910, 0.3141, 0.8407, 0.8407, 0.3097, 35.4878, 35.4938, 35, 35, 0.3684
