S-WordCount,S-LineCount,S-Density,S-ParaCount,S-FunCalls,S-VarCount,S-RepWords,S-ComPer,S-MaxDepth,S-BlockCount,S-CycCom
30.721246021542136,6.945357419007002,4.200759106705644,1.235606514880882,2.1460600448921423,1.6140283528845252,3.892832096039534,0.584912887429849,1.4781225530431057,2.0679039138860955,4.065300214019544
