S-WordCount,S-LineCount,S-Density,S-ParaCount,S-FunCalls,S-VarCount,S-RepWords,S-ComPer,S-MaxDepth,S-BlockCount,S-CycCom
44.725787865502504,10.029794075158529,4.071460134940122,1.0479654802516964,3.231571388420518,2.747067508219899,5.127219949708454,0.4703391175820854,1.6912898335382665,2.5808314924437816,6.464605645414846
