S-WordCount,S-LineCount,S-Density,S-ParaCount,S-FunCalls,S-VarCount,S-RepWords,S-ComPer,S-MaxDepth,S-BlockCount,S-CycCom,T-#T, T-#PT, T-#FT, T-%PT, T-%FT, T-#E, T-#VE, T_#NVE, T-#V, T-Spa, T-Cov, T-CovPT, T-CovFT, T-AvgVE, T-AvgVEPT, T-AvgVEFT, T-#VEP^FT, T-%VEP^FT
29.225524844928728,6.794947835536694,4.122240409841628,1.2119649180064096,2.036496792552386,1.5146954842337466,3.8068797172667437,0.5757038310664755,1.4770409342747794,2.0657681254822333,4.029523360724353,4, 2, 2, 0.5, 0.5, 308, 55, 253, 134, 0.1088, 0.1786, 0.1136, 0.1526, 33.5, 20, 47, 27, 0.4909
