S-WordCount,S-LineCount,S-Density,S-ParaCount,S-FunCalls,S-VarCount,S-RepWords,S-ComPer,S-MaxDepth,S-BlockCount,S-CycCom,T-#T, T-#PT, T-#FT, T-%PT, T-%FT, T-#E, T-#VE, T_#NVE, T-#V, T-Spa, T-Cov, T-CovPT, T-CovFT, T-AvgVE, T-AvgVEPT, T-AvgVEFT, T-#VEP^FT, T-%VEP^FT
42.574492362957564,9.84594254242695,3.9825950114330313,1.0288288428721415,3.080308263632225,2.6175381221181873,4.96938577450169,0.45944017817373295,1.6892914119333176,2.600320657288802,6.507011311863269,4, 2, 2, 0.5, 0.5, 308, 55, 253, 134, 0.1088, 0.1786, 0.1136, 0.1526, 33.5, 20, 47, 27, 0.4909
