S-WordCount,S-LineCount,S-Density,S-ParaCount,S-FunCalls,S-VarCount,S-RepWords,S-ComPer,S-MaxDepth,S-BlockCount,S-CycCom
29.225524844928728,6.794947835536694,4.122240409841628,1.2119649180064096,2.036496792552386,1.5146954842337466,3.8068797172667437,0.5757038310664755,1.4770409342747794,2.0657681254822333,4.029523360724353
