S-WordCount,S-LineCount,S-Density,S-ParaCount,S-FunCalls,S-VarCount,S-RepWords,S-ComPer,S-MaxDepth,S-BlockCount,S-CycCom
42.574492362957564,9.84594254242695,3.9825950114330313,1.0288288428721415,3.080308263632225,2.6175381221181873,4.96938577450169,0.45944017817373295,1.6892914119333176,2.600320657288802,6.507011311863269
