S-WordCount,S-LineCount,S-Density,S-ParaCount,S-FunCalls,S-VarCount,S-RepWords,S-ComPer,S-MaxDepth,S-BlockCount,S-CycCom,T-#T, T-#PT, T-#FT, T-%PT, T-%FT, T-#E, T-#VE, T_#NVE, T-#V, T-Spa, T-Cov, T-CovPT, T-CovFT, T-AvgVE, T-AvgVEPT, T-AvgVEFT, T-#VEP^FT, T-%VEP^FT
45.0070771352193,10.111334065529158,4.063514463831571,1.0527304502575008,3.2423523836988073,2.766416487716562,5.155765308776907,0.4696708572807312,1.694680298286719,2.5987138271504,6.524435120605012,26, 25, 1, 0.9615, 0.0385, 298, 133, 165, 2035, 0.2626, 0.4463, 0.4161, 0.1879, 78.2692, 79.16, 56, 47, 0.3534
