S-WordCount,S-LineCount,S-Density,S-ParaCount,S-FunCalls,S-VarCount,S-RepWords,S-ComPer,S-MaxDepth,S-BlockCount,S-CycCom,T-#T, T-#PT, T-#FT, T-%PT, T-%FT, T-#E, T-#VE, T_#NVE, T-#V, T-Spa, T-Cov, T-CovPT, T-CovFT, T-AvgVE, T-AvgVEPT, T-AvgVEFT, T-#VEP^FT, T-%VEP^FT
30.8369947982592,6.982152910595802,4.197818792815973,1.237670721533145,2.14222558624732,1.6203281091266006,3.906003868027324,0.5848591822260023,1.4793021321037318,2.0768523177501117,4.096048892198795,26, 25, 1, 0.9615, 0.0385, 298, 133, 165, 2035, 0.2626, 0.4463, 0.4161, 0.1879, 78.2692, 79.16, 56, 47, 0.3534
