S-WordCount,S-LineCount,S-Density,S-ParaCount,S-FunCalls,S-VarCount,S-RepWords,S-ComPer,S-MaxDepth,S-BlockCount,S-CycCom
30.8369947982592,6.982152910595802,4.197818792815973,1.237670721533145,2.14222558624732,1.6203281091266006,3.906003868027324,0.5848591822260023,1.4793021321037318,2.0768523177501117,4.096048892198795
