S-WordCount,S-LineCount,S-Density,S-ParaCount,S-FunCalls,S-VarCount,S-RepWords,S-ComPer,S-MaxDepth,S-BlockCount,S-CycCom
45.0070771352193,10.111334065529158,4.063514463831571,1.0527304502575008,3.2423523836988073,2.766416487716562,5.155765308776907,0.4696708572807312,1.694680298286719,2.5987138271504,6.524435120605012
