S-WordCount,S-LineCount,S-Density,S-ParaCount,S-FunCalls,S-VarCount,S-RepWords,S-ComPer,S-MaxDepth,S-BlockCount,S-CycCom
17.070820007573225,4.381213882969429,3.8630058784341172,1.039403250591743,2.691200118725622,0.5846850678645146,2.8480978764011837,0.4940418037940486,1.3970129224716057,1.7038132279549782,1.9252571080136585
