S-WordCount,S-LineCount,S-Density,S-ParaCount,S-FunCalls,S-VarCount,S-RepWords,S-ComPer,S-MaxDepth,S-BlockCount,S-CycCom
18.28171185302433,4.601179857584783,4.075802712637243,0.9700252538394579,2.9685278441153358,0.6569885384965056,3.009116218871771,0.4523917414088259,1.4421588154521074,1.7771591275933964,2.112640369189725
