S-WordCount,S-LineCount,S-Density,S-ParaCount,S-FunCalls,S-VarCount,S-RepWords,S-ComPer,S-MaxDepth,S-BlockCount,S-CycCom
18.297850844786048,4.604972486480262,4.075910305020945,0.970232326063477,2.9682577719384717,0.6572683892427749,3.0100638479437962,0.45206821517122864,1.4428936282303224,1.7790019079845407,2.1154621576081056
