S-WordCount,S-LineCount,S-Density,S-ParaCount,S-FunCalls,S-VarCount,S-RepWords,S-ComPer,S-MaxDepth,S-BlockCount,S-CycCom
17.08355335467001,4.384242756258135,3.862813615346882,1.0395201881338236,2.690983159881026,0.5848997522784258,2.8489688574481713,0.49373986786015167,1.3976228988222423,1.7053874435756216,1.9273183167715966
