S-WordCount,S-LineCount,S-Density,S-ParaCount,S-FunCalls,S-VarCount,S-RepWords,S-ComPer,S-MaxDepth,S-BlockCount,S-CycCom,T-#T, T-#PT, T-#FT, T-%PT, T-%FT, T-#E, T-#VE, T_#NVE, T-#V, T-Spa, T-Cov, T-CovPT, T-CovFT, T-AvgVE, T-AvgVEPT, T-AvgVEFT, T-#VEP^FT, T-%VEP^FT
28.052187622425368,6.50682080066917,4.153040558329461,1.232522599941148,2.0126686467666315,1.4714215275706066,3.581202228224427,0.5687461611798998,1.4446507766734056,2.0226025545877953,3.676516072147234,37, 36, 1, 0.973, 0.027, 318, 82, 236, 1296, 0.1101, 0.2579, 0.2579, 0.1415, 35.027, 34.75, 45, 45, 0.5488
