S-WordCount,S-LineCount,S-Density,S-ParaCount,S-FunCalls,S-VarCount,S-RepWords,S-ComPer,S-MaxDepth,S-BlockCount,S-CycCom,T-#T, T-#PT, T-#FT, T-%PT, T-%FT, T-#E, T-#VE, T_#NVE, T-#V, T-Spa, T-Cov, T-CovPT, T-CovFT, T-AvgVE, T-AvgVEPT, T-AvgVEFT, T-#VEP^FT, T-%VEP^FT
40.781028851872506,9.425566127061613,4.03901578453524,1.0871916054626365,2.992935795919575,2.501733685217158,4.680204036971455,0.4482733552417158,1.643534541664878,2.5313870260454143,5.923499322212076,37, 36, 1, 0.973, 0.027, 318, 82, 236, 1296, 0.1101, 0.2579, 0.2579, 0.1415, 35.027, 34.75, 45, 45, 0.5488
