S-WordCount,S-LineCount,S-Density,S-ParaCount,S-FunCalls,S-VarCount,S-RepWords,S-ComPer,S-MaxDepth,S-BlockCount,S-CycCom
28.052187622425368,6.50682080066917,4.153040558329461,1.232522599941148,2.0126686467666315,1.4714215275706066,3.581202228224427,0.5687461611798998,1.4446507766734056,2.0226025545877953,3.676516072147234
