S-WordCount,S-LineCount,S-Density,S-ParaCount,S-FunCalls,S-VarCount,S-RepWords,S-ComPer,S-MaxDepth,S-BlockCount,S-CycCom
40.79699449717538,9.43806511577928,4.034976014950148,1.0878080703202064,2.99409813417394,2.5049842336940085,4.67132004178763,0.4493045905944885,1.644393473209563,2.532942806359908,5.927828555182521
