S-WordCount,S-LineCount,S-Density,S-ParaCount,S-FunCalls,S-VarCount,S-RepWords,S-ComPer,S-MaxDepth,S-BlockCount,S-CycCom,T-#T, T-#PT, T-#FT, T-%PT, T-%FT, T-#E, T-#VE, T_#NVE, T-#V, T-Spa, T-Cov, T-CovPT, T-CovFT, T-AvgVE, T-AvgVEPT, T-AvgVEFT, T-#VEP^FT, T-%VEP^FT
46.169763748399895,10.542146115563982,3.9946205831395036,1.0197130487378772,3.353621684475717,2.879749883993571,5.176331383794953,0.480372945301095,1.7157851799416015,2.721479140677604,6.588511764475121,93, 92, 1, 0.9892, 0.0108, 965, 249, 716, 11090, 0.1236, 0.258, 0.258, 0.0415, 119.2473, 120.1087, 40, 40, 0.1606
