S-WordCount,S-LineCount,S-Density,S-ParaCount,S-FunCalls,S-VarCount,S-RepWords,S-ComPer,S-MaxDepth,S-BlockCount,S-CycCom
46.169763748399895,10.542146115563982,3.9946205831395036,1.0197130487378772,3.353621684475717,2.879749883993571,5.176331383794953,0.480372945301095,1.7157851799416015,2.721479140677604,6.588511764475121
