S-WordCount,S-LineCount,S-Density,S-ParaCount,S-FunCalls,S-VarCount,S-RepWords,S-ComPer,S-MaxDepth,S-BlockCount,S-CycCom
31.013501556419254,7.143279346358723,4.129318476116972,1.226373167237321,2.1872758067377527,1.6422319278315844,3.8860369782253743,0.5905505335863127,1.4889626349493061,2.1232462940010626,4.080252635603121
