S-WordCount,S-LineCount,S-Density,S-ParaCount,S-FunCalls,S-VarCount,S-RepWords,S-ComPer,S-MaxDepth,S-BlockCount,S-CycCom
17.13925804330992,4.3871001485427294,3.8779331378158712,1.043225805388655,2.6890056870031573,0.5883515716714235,2.8520353236341323,0.4934929180636731,1.3958424595460601,1.7068819763875076,1.9456724942451356
