S-WordCount,S-LineCount,S-Density,S-ParaCount,S-FunCalls,S-VarCount,S-RepWords,S-ComPer,S-MaxDepth,S-BlockCount,S-CycCom
18.4387037776523,4.621239734833815,4.105919970099905,0.9745889640519957,2.9730490297142786,0.664180794287602,3.0229594119507186,0.45035387548135486,1.4423153387579817,1.7837098577244164,2.1513953932174923
