S-WordCount,S-LineCount,S-Density,S-ParaCount,S-FunCalls,S-VarCount,S-RepWords,S-ComPer,S-MaxDepth,S-BlockCount,S-CycCom,T-#T, T-#PT, T-#FT, T-%PT, T-%FT, T-#E, T-#VE, T_#NVE, T-#V, T-Spa, T-Cov, T-CovPT, T-CovFT, T-AvgVE, T-AvgVEPT, T-AvgVEFT, T-#VEP^FT, T-%VEP^FT
28.033454162160556,6.503824187115716,4.153230923595825,1.2325065210387567,2.010021799108182,1.4709873972060834,3.5803649002409283,0.5686049740751853,1.4444996349909407,2.0218176744525653,3.671801202003128,37, 36, 1, 0.973, 0.027, 294, 87, 207, 1289, 0.1185, 0.2959, 0.2653, 0.1837, 34.8378, 34.3056, 54, 45, 0.5172
