S-WordCount,S-LineCount,S-Density,S-ParaCount,S-FunCalls,S-VarCount,S-RepWords,S-ComPer,S-MaxDepth,S-BlockCount,S-CycCom,T-#T, T-#PT, T-#FT, T-%PT, T-%FT, T-#E, T-#VE, T_#NVE, T-#V, T-Spa, T-Cov, T-CovPT, T-CovFT, T-AvgVE, T-AvgVEPT, T-AvgVEFT, T-#VEP^FT, T-%VEP^FT
40.75513932939684,9.41973254362824,4.039296064238165,1.0871957737966376,2.988802892758312,2.501233485137129,4.67856796587635,0.44810528199745997,1.6433636399708662,2.5302240608593407,5.916202653544614,37, 36, 1, 0.973, 0.027, 294, 87, 207, 1289, 0.1185, 0.2959, 0.2653, 0.1837, 34.8378, 34.3056, 54, 45, 0.5172
