S-WordCount,S-LineCount,S-Density,S-ParaCount,S-FunCalls,S-VarCount,S-RepWords,S-ComPer,S-MaxDepth,S-BlockCount,S-CycCom
28.033454162160556,6.503824187115716,4.153230923595825,1.2325065210387567,2.010021799108182,1.4709873972060834,3.5803649002409283,0.5686049740751853,1.4444996349909407,2.0218176744525653,3.671801202003128
