S-WordCount,S-LineCount,S-Density,S-ParaCount,S-FunCalls,S-VarCount,S-RepWords,S-ComPer,S-MaxDepth,S-BlockCount,S-CycCom
40.77103876108729,9.432216612695179,4.035257011480955,1.087812249314906,2.989954660927867,2.504482754329884,4.66967978636747,0.4491360874953879,1.6442221344268204,2.5317768668383187,5.920513224958361
