S-WordCount,S-LineCount,S-Density,S-ParaCount,S-FunCalls,S-VarCount,S-RepWords,S-ComPer,S-MaxDepth,S-BlockCount,S-CycCom,T-#T, T-#PT, T-#FT, T-%PT, T-%FT, T-#E, T-#VE, T_#NVE, T-#V, T-Spa, T-Cov, T-CovPT, T-CovFT, T-AvgVE, T-AvgVEPT, T-AvgVEFT, T-#VEP^FT, T-%VEP^FT
46.51875803520397,10.56217127704804,4.065855687321834,1.0242447336047875,3.4146498171324753,2.829006865606981,5.263798708934635,0.4799679728699161,1.7235234778063082,2.728651884385908,6.582001808736297,242, 241, 1, 0.9959, 0.0041, 58, 47, 11, 1046, 0.0745, 0.8103, 0.7931, 0.069, 4.3223, 4.3237, 4, 3, 0.0638
