S-WordCount,S-LineCount,S-Density,S-ParaCount,S-FunCalls,S-VarCount,S-RepWords,S-ComPer,S-MaxDepth,S-BlockCount,S-CycCom,T-#T, T-#PT, T-#FT, T-%PT, T-%FT, T-#E, T-#VE, T_#NVE, T-#V, T-Spa, T-Cov, T-CovPT, T-CovFT, T-AvgVE, T-AvgVEPT, T-AvgVEFT, T-#VEP^FT, T-%VEP^FT
31.742425240082174,7.272405519370035,4.177249037213319,1.2260164973859535,2.268997014365195,1.644155648387086,3.9819766144540303,0.5893545499911551,1.4989200984512692,2.148691871248388,4.1377695989191645,242, 241, 1, 0.9959, 0.0041, 58, 47, 11, 1046, 0.0745, 0.8103, 0.7931, 0.069, 4.3223, 4.3237, 4, 3, 0.0638
