S-WordCount,S-LineCount,S-Density,S-ParaCount,S-FunCalls,S-VarCount,S-RepWords,S-ComPer,S-MaxDepth,S-BlockCount,S-CycCom
31.742425240082174,7.272405519370035,4.177249037213319,1.2260164973859535,2.268997014365195,1.644155648387086,3.9819766144540303,0.5893545499911551,1.4989200984512692,2.148691871248388,4.1377695989191645
