S-WordCount,S-LineCount,S-Density,S-ParaCount,S-FunCalls,S-VarCount,S-RepWords,S-ComPer,S-MaxDepth,S-BlockCount,S-CycCom
46.51875803520397,10.56217127704804,4.065855687321834,1.0242447336047875,3.4146498171324753,2.829006865606981,5.263798708934635,0.4799679728699161,1.7235234778063082,2.728651884385908,6.582001808736297
