S-WordCount,S-LineCount,S-Density,S-ParaCount,S-FunCalls,S-VarCount,S-RepWords,S-ComPer,S-MaxDepth,S-BlockCount,S-CycCom,T-#T, T-#PT, T-#FT, T-%PT, T-%FT, T-#E, T-#VE, T_#NVE, T-#V, T-Spa, T-Cov, T-CovPT, T-CovFT, T-AvgVE, T-AvgVEPT, T-AvgVEFT, T-#VEP^FT, T-%VEP^FT
46.17875539901,10.544458254292305,3.994492130987934,1.019713048737878,3.354649301688308,2.8805205969030134,5.177615905310691,0.4803251349160887,1.7162989885478968,2.722249853587047,6.589282477384563,11, 10, 1, 0.9091, 0.0909, 1016, 149, 867, 999, 0.0894, 0.1467, 0.1398, 0.0906, 90.8182, 90.7, 92, 85, 0.5705
