S-WordCount,S-LineCount,S-Density,S-ParaCount,S-FunCalls,S-VarCount,S-RepWords,S-ComPer,S-MaxDepth,S-BlockCount,S-CycCom,T-#T, T-#PT, T-#FT, T-%PT, T-%FT, T-#E, T-#VE, T_#NVE, T-#V, T-Spa, T-Cov, T-CovPT, T-CovFT, T-AvgVE, T-AvgVEPT, T-AvgVEFT, T-#VEP^FT, T-%VEP^FT
30.996247698279962,7.140673860871911,4.128127184271666,1.2264827337047242,2.186352123107604,1.6405499625191113,3.881280010850296,0.5908195738815586,1.4882360075046763,2.122739611662255,4.078592583584129,11, 10, 1, 0.9091, 0.0909, 1016, 149, 867, 999, 0.0894, 0.1467, 0.1398, 0.0906, 90.8182, 90.7, 92, 85, 0.5705
