S-WordCount,S-LineCount,S-Density,S-ParaCount,S-FunCalls,S-VarCount,S-RepWords,S-ComPer,S-MaxDepth,S-BlockCount,S-CycCom
30.996247698279962,7.140673860871911,4.128127184271666,1.2264827337047242,2.186352123107604,1.6405499625191113,3.881280010850296,0.5908195738815586,1.4882360075046763,2.122739611662255,4.078592583584129
