S-WordCount,S-LineCount,S-Density,S-ParaCount,S-FunCalls,S-VarCount,S-RepWords,S-ComPer,S-MaxDepth,S-BlockCount,S-CycCom
46.17875539901,10.544458254292305,3.994492130987934,1.019713048737878,3.354649301688308,2.8805205969030134,5.177615905310691,0.4803251349160887,1.7162989885478968,2.722249853587047,6.589282477384563
