S-WordCount,S-LineCount,S-Density,S-ParaCount,S-FunCalls,S-VarCount,S-RepWords,S-ComPer,S-MaxDepth,S-BlockCount,S-CycCom,T-#T, T-#PT, T-#FT, T-%PT, T-%FT, T-#E, T-#VE, T_#NVE, T-#V, T-Spa, T-Cov, T-CovPT, T-CovFT, T-AvgVE, T-AvgVEPT, T-AvgVEFT, T-#VEP^FT, T-%VEP^FT
42.00210900271953,9.73948191264386,3.9849949918427137,1.028414474347984,3.0678163941023695,2.588942565850071,4.897601507486299,0.45956078615944,1.6800608637775805,2.5788549607518156,6.407006551529709,29, 28, 1, 0.9655, 0.0345, 816, 127, 689, 2452, 0.1036, 0.1556, 0.1556, 0.1152, 84.5517, 84.2143, 94, 94, 0.7402
