S-WordCount,S-LineCount,S-Density,S-ParaCount,S-FunCalls,S-VarCount,S-RepWords,S-ComPer,S-MaxDepth,S-BlockCount,S-CycCom,T-#T, T-#PT, T-#FT, T-%PT, T-%FT, T-#E, T-#VE, T_#NVE, T-#V, T-Spa, T-Cov, T-CovPT, T-CovFT, T-AvgVE, T-AvgVEPT, T-AvgVEFT, T-#VEP^FT, T-%VEP^FT
28.75642643972562,6.702929837301426,4.12674963766168,1.2131170980852848,2.0156776621376338,1.4905529384644134,3.7457731705994743,0.5761882791920829,1.4686514163762974,2.047243908164424,3.9475015276662804,29, 28, 1, 0.9655, 0.0345, 816, 127, 689, 2452, 0.1036, 0.1556, 0.1556, 0.1152, 84.5517, 84.2143, 94, 94, 0.7402
