S-WordCount,S-LineCount,S-Density,S-ParaCount,S-FunCalls,S-VarCount,S-RepWords,S-ComPer,S-MaxDepth,S-BlockCount,S-CycCom
28.75642643972562,6.702929837301426,4.12674963766168,1.2131170980852848,2.0156776621376338,1.4905529384644134,3.7457731705994743,0.5761882791920829,1.4686514163762974,2.047243908164424,3.9475015276662804
