S-WordCount,S-LineCount,S-Density,S-ParaCount,S-FunCalls,S-VarCount,S-RepWords,S-ComPer,S-MaxDepth,S-BlockCount,S-CycCom
42.00210900271953,9.73948191264386,3.9849949918427137,1.028414474347984,3.0678163941023695,2.588942565850071,4.897601507486299,0.45956078615944,1.6800608637775805,2.5788549607518156,6.407006551529709
