S-WordCount,S-LineCount,S-Density,S-ParaCount,S-FunCalls,S-VarCount,S-RepWords,S-ComPer,S-MaxDepth,S-BlockCount,S-CycCom,T-#T, T-#PT, T-#FT, T-%PT, T-%FT, T-#E, T-#VE, T_#NVE, T-#V, T-Spa, T-Cov, T-CovPT, T-CovFT, T-AvgVE, T-AvgVEPT, T-AvgVEFT, T-#VEP^FT, T-%VEP^FT
27.402004984936962,6.051123519787848,4.364365845109883,1.0446651736653498,2.2959305156675587,1.2925176519894965,4.131475941659246,0.4727779554815777,1.4653431419554033,1.9260712072486934,3.50254298675828,197, 196, 1, 0.9949, 0.0051, 43, 38, 5, 333, 0.0393, 0.8837, 0.8837, 0.0233, 1.6904, 1.6939, 1, 1, 0.0263
