S-WordCount,S-LineCount,S-Density,S-ParaCount,S-FunCalls,S-VarCount,S-RepWords,S-ComPer,S-MaxDepth,S-BlockCount,S-CycCom,T-#T, T-#PT, T-#FT, T-%PT, T-%FT, T-#E, T-#VE, T_#NVE, T-#V, T-Spa, T-Cov, T-CovPT, T-CovFT, T-AvgVE, T-AvgVEPT, T-AvgVEFT, T-#VEP^FT, T-%VEP^FT
35.09046668411352,7.725243530452304,4.4610456626612125,0.9259806101217792,2.9017657025776753,1.8601202883443388,4.825532818055079,0.3661470336944557,1.6228880248723287,2.2683992944107407,4.862529769095069,197, 196, 1, 0.9949, 0.0051, 43, 38, 5, 333, 0.0393, 0.8837, 0.8837, 0.0233, 1.6904, 1.6939, 1, 1, 0.0263
