S-WordCount,S-LineCount,S-Density,S-ParaCount,S-FunCalls,S-VarCount,S-RepWords,S-ComPer,S-MaxDepth,S-BlockCount,S-CycCom
35.09228848327409,7.7357609627690955,4.457225464543566,0.9262440647883413,2.9029647262216214,1.8621973545409556,4.8145482855937125,0.3672067257782405,1.623928274764009,2.2695389722039176,4.864614787373368
