S-WordCount,S-LineCount,S-Density,S-ParaCount,S-FunCalls,S-VarCount,S-RepWords,S-ComPer,S-MaxDepth,S-BlockCount,S-CycCom
27.402004984936962,6.051123519787848,4.364365845109883,1.0446651736653498,2.2959305156675587,1.2925176519894965,4.131475941659246,0.4727779554815777,1.4653431419554033,1.9260712072486934,3.50254298675828
