S-WordCount,S-LineCount,S-Density,S-ParaCount,S-FunCalls,S-VarCount,S-RepWords,S-ComPer,S-MaxDepth,S-BlockCount,S-CycCom,T-#T, T-#PT, T-#FT, T-%PT, T-%FT, T-#E, T-#VE, T_#NVE, T-#V, T-Spa, T-Cov, T-CovPT, T-CovFT, T-AvgVE, T-AvgVEPT, T-AvgVEFT, T-#VEP^FT, T-%VEP^FT
18.43646650439043,4.622777140212936,4.09488570870038,0.9706966426197832,2.955689764112361,0.6633289959180401,3.01959392910545,0.4487224999833834,1.443271305571629,1.7851820757232753,2.1541810366551206,1308, 1303, 5, 0.9962, 0.0038, 1558, 1121, 437, 112474, 0.0552, 0.7195, 0.7195, 0.1694, 85.9893, 85.7214, 155.8, 264, 0.2355
