S-WordCount,S-LineCount,S-Density,S-ParaCount,S-FunCalls,S-VarCount,S-RepWords,S-ComPer,S-MaxDepth,S-BlockCount,S-CycCom
17.13010169174498,4.387023264360085,3.8700027700330555,1.0437752719627,2.6710083741465187,0.5865758444134668,2.8480051246272264,0.4924874928064856,1.3965257173702514,1.707331950955972,1.9450441517561108
