S-WordCount,S-LineCount,S-Density,S-ParaCount,S-FunCalls,S-VarCount,S-RepWords,S-ComPer,S-MaxDepth,S-BlockCount,S-CycCom
18.43646650439043,4.622777140212936,4.09488570870038,0.9706966426197832,2.955689764112361,0.6633289959180401,3.01959392910545,0.4487224999833834,1.443271305571629,1.7851820757232753,2.1541810366551206
