S-WordCount,S-LineCount,S-Density,S-ParaCount,S-FunCalls,S-VarCount,S-RepWords,S-ComPer,S-MaxDepth,S-BlockCount,S-CycCom,T-#T, T-#PT, T-#FT, T-%PT, T-%FT, T-#E, T-#VE, T_#NVE, T-#V, T-Spa, T-Cov, T-CovPT, T-CovFT, T-AvgVE, T-AvgVEPT, T-AvgVEFT, T-#VEP^FT, T-%VEP^FT
42.40316990874762,9.821093501561569,3.985209827406949,1.0269073552650132,3.07085080314486,2.6091674364509325,4.955791311079659,0.4596016906245236,1.6887934660664554,2.5989641046352996,6.51040027784327,24, 23, 1, 0.9583, 0.0417, 607, 296, 311, 4343, 0.2981, 0.4876, 0.4827, 0.3839, 180.9583, 178.6957, 233, 230, 0.777
