S-WordCount,S-LineCount,S-Density,S-ParaCount,S-FunCalls,S-VarCount,S-RepWords,S-ComPer,S-MaxDepth,S-BlockCount,S-CycCom
29.131428183632288,6.783172211004995,4.123622042340519,1.2104779695894632,2.026679031034204,1.510741057162017,3.798200140891724,0.5755640758690199,1.4767282342102261,2.0653932895975626,4.038071772942825
