S-WordCount,S-LineCount,S-Density,S-ParaCount,S-FunCalls,S-VarCount,S-RepWords,S-ComPer,S-MaxDepth,S-BlockCount,S-CycCom
42.40316990874762,9.821093501561569,3.985209827406949,1.0269073552650132,3.07085080314486,2.6091674364509325,4.955791311079659,0.4596016906245236,1.6887934660664554,2.5989641046352996,6.51040027784327
