S-WordCount,S-LineCount,S-Density,S-ParaCount,S-FunCalls,S-VarCount,S-RepWords,S-ComPer,S-MaxDepth,S-BlockCount,S-CycCom,T-#T, T-#PT, T-#FT, T-%PT, T-%FT, T-#E, T-#VE, T_#NVE, T-#V, T-Spa, T-Cov, T-CovPT, T-CovFT, T-AvgVE, T-AvgVEPT, T-AvgVEFT, T-#VEP^FT, T-%VEP^FT
36.01066487030198,8.09886647305159,4.271069027625095,1.005721320182597,3.0312435195290903,2.0323007391603287,4.64768047644841,0.3770244068846774,1.6589970375623337,2.3414287995121916,4.8010095978143505,153, 152, 1, 0.9935, 0.0065, 53, 29, 24, 1279, 0.1577, 0.5472, 0.5472, 0.2264, 8.3595, 8.3355, 12, 12, 0.4138
