S-WordCount,S-LineCount,S-Density,S-ParaCount,S-FunCalls,S-VarCount,S-RepWords,S-ComPer,S-MaxDepth,S-BlockCount,S-CycCom,T-#T, T-#PT, T-#FT, T-%PT, T-%FT, T-#E, T-#VE, T_#NVE, T-#V, T-Spa, T-Cov, T-CovPT, T-CovFT, T-AvgVE, T-AvgVEPT, T-AvgVEFT, T-#VEP^FT, T-%VEP^FT
27.345863345993337,6.200102134448316,4.20948709845832,1.093167771098068,2.291691103315327,1.3749121636051487,3.9347270695416694,0.4875129406022054,1.483161417483851,1.9580741990074637,3.374455917776349,153, 152, 1, 0.9935, 0.0065, 53, 29, 24, 1279, 0.1577, 0.5472, 0.5472, 0.2264, 8.3595, 8.3355, 12, 12, 0.4138
