S-WordCount,S-LineCount,S-Density,S-ParaCount,S-FunCalls,S-VarCount,S-RepWords,S-ComPer,S-MaxDepth,S-BlockCount,S-CycCom
36.014633073352755,8.108463251851013,4.267436961143471,1.006151421190762,3.0325717728473287,2.0344612014470953,4.6382298951077106,0.3779191887568527,1.6599439505808509,2.342556432602313,4.802546633844115
