S-WordCount,S-LineCount,S-Density,S-ParaCount,S-FunCalls,S-VarCount,S-RepWords,S-ComPer,S-MaxDepth,S-BlockCount,S-CycCom
27.345863345993337,6.200102134448316,4.20948709845832,1.093167771098068,2.291691103315327,1.3749121636051487,3.9347270695416694,0.4875129406022054,1.483161417483851,1.9580741990074637,3.374455917776349
