S-WordCount,S-LineCount,S-Density,S-ParaCount,S-FunCalls,S-VarCount,S-RepWords,S-ComPer,S-MaxDepth,S-BlockCount,S-CycCom,T-#T, T-#PT, T-#FT, T-%PT, T-%FT, T-#E, T-#VE, T_#NVE, T-#V, T-Spa, T-Cov, T-CovPT, T-CovFT, T-AvgVE, T-AvgVEPT, T-AvgVEFT, T-#VEP^FT, T-%VEP^FT
41.16937875635485,9.608333239547267,4.0269930143252,1.0393910997708649,3.0058311603583716,2.5404603728092217,4.76822256340227,0.45074641090825557,1.6715365482607871,2.5450027161020463,5.975838727975279,163, 162, 1, 0.9939, 0.0061, 365, 200, 165, 12061, 0.2027, 0.5479, 0.5479, 0.3425, 73.9939, 73.679, 125, 125, 0.625
