S-WordCount,S-LineCount,S-Density,S-ParaCount,S-FunCalls,S-VarCount,S-RepWords,S-ComPer,S-MaxDepth,S-BlockCount,S-CycCom,T-#T, T-#PT, T-#FT, T-%PT, T-%FT, T-#E, T-#VE, T_#NVE, T-#V, T-Spa, T-Cov, T-CovPT, T-CovFT, T-AvgVE, T-AvgVEPT, T-AvgVEFT, T-#VEP^FT, T-%VEP^FT
28.290902850532092,6.631439755831253,4.153979113514324,1.21245712157237,1.9879962282378054,1.474413296082318,3.660547435961424,0.5690027463012921,1.4634200814351659,2.0293105188084755,3.7078657439866363,163, 162, 1, 0.9939, 0.0061, 365, 200, 165, 12061, 0.2027, 0.5479, 0.5479, 0.3425, 73.9939, 73.679, 125, 125, 0.625
