S-WordCount,S-LineCount,S-Density,S-ParaCount,S-FunCalls,S-VarCount,S-RepWords,S-ComPer,S-MaxDepth,S-BlockCount,S-CycCom
28.290902850532092,6.631439755831253,4.153979113514324,1.21245712157237,1.9879962282378054,1.474413296082318,3.660547435961424,0.5690027463012921,1.4634200814351659,2.0293105188084755,3.7078657439866363
