S-WordCount,S-LineCount,S-Density,S-ParaCount,S-FunCalls,S-VarCount,S-RepWords,S-ComPer,S-MaxDepth,S-BlockCount,S-CycCom
41.18559126789006,9.620729013877584,4.023101638584414,1.0398635624936448,3.0069738733703444,2.5436625516406135,4.75994475511267,0.45173830841094703,1.6724261429810026,2.54652331706299,5.980105401562584
