S-WordCount,S-LineCount,S-Density,S-ParaCount,S-FunCalls,S-VarCount,S-RepWords,S-ComPer,S-MaxDepth,S-BlockCount,S-CycCom,T-#T, T-#PT, T-#FT, T-%PT, T-%FT, T-#E, T-#VE, T_#NVE, T-#V, T-Spa, T-Cov, T-CovPT, T-CovFT, T-AvgVE, T-AvgVEPT, T-AvgVEFT, T-#VEP^FT, T-%VEP^FT
44.799457959340124,10.289691101509588,3.989108610570017,1.0290035972068965,3.191287791897677,2.7740021752321224,5.159172765129893,0.45912732529931144,1.707489370815207,2.635179661616424,6.670593940342077,27, 26, 1, 0.963, 0.037, 861, 119, 742, 2399, 0.1032, 0.1382, 0.1312, 0.101, 88.8519, 88.9231, 87, 81, 0.6807
