S-WordCount,S-LineCount,S-Density,S-ParaCount,S-FunCalls,S-VarCount,S-RepWords,S-ComPer,S-MaxDepth,S-BlockCount,S-CycCom,T-#T, T-#PT, T-#FT, T-%PT, T-%FT, T-#E, T-#VE, T_#NVE, T-#V, T-Spa, T-Cov, T-CovPT, T-CovFT, T-AvgVE, T-AvgVEPT, T-AvgVEFT, T-#VEP^FT, T-%VEP^FT
30.50719725458985,7.056273594700312,4.14679199394166,1.2204004606584746,2.0878318231466655,1.6079640478354966,3.9135023782861977,0.5752021586925229,1.489913175050268,2.0886849266469096,4.158331226309538,27, 26, 1, 0.963, 0.037, 861, 119, 742, 2399, 0.1032, 0.1382, 0.1312, 0.101, 88.8519, 88.9231, 87, 81, 0.6807
