S-WordCount,S-LineCount,S-Density,S-ParaCount,S-FunCalls,S-VarCount,S-RepWords,S-ComPer,S-MaxDepth,S-BlockCount,S-CycCom
44.799457959340124,10.289691101509588,3.989108610570017,1.0290035972068965,3.191287791897677,2.7740021752321224,5.159172765129893,0.45912732529931144,1.707489370815207,2.635179661616424,6.670593940342077
