S-WordCount,S-LineCount,S-Density,S-ParaCount,S-FunCalls,S-VarCount,S-RepWords,S-ComPer,S-MaxDepth,S-BlockCount,S-CycCom,T-#T, T-#PT, T-#FT, T-%PT, T-%FT, T-#E, T-#VE, T_#NVE, T-#V, T-Spa, T-Cov, T-CovPT, T-CovFT, T-AvgVE, T-AvgVEPT, T-AvgVEFT, T-#VEP^FT, T-%VEP^FT
30.941273458411725,7.02588005638545,4.1684878796993186,1.2300843266195236,2.1544930778517277,1.6238106843135098,3.9171564582158838,0.5819964767824787,1.484303149153944,2.091319941665491,4.130887309229438,18, 17, 1, 0.9444, 0.0556, 283, 74, 209, 641, 0.1258, 0.2615, 0.2544, 0.1837, 35.6111, 34.6471, 52, 50, 0.6757
