S-WordCount,S-LineCount,S-Density,S-ParaCount,S-FunCalls,S-VarCount,S-RepWords,S-ComPer,S-MaxDepth,S-BlockCount,S-CycCom,T-#T, T-#PT, T-#FT, T-%PT, T-%FT, T-#E, T-#VE, T_#NVE, T-#V, T-Spa, T-Cov, T-CovPT, T-CovFT, T-AvgVE, T-AvgVEPT, T-AvgVEFT, T-#VEP^FT, T-%VEP^FT
44.868937219075455,10.10446160116755,4.029798658626377,1.0466194755537157,3.243693155891505,2.751473988938364,5.133634061117163,0.4677308907591478,1.6955680437862912,2.605950869602623,6.543536334338783,18, 17, 1, 0.9444, 0.0556, 283, 74, 209, 641, 0.1258, 0.2615, 0.2544, 0.1837, 35.6111, 34.6471, 52, 50, 0.6757
