S-WordCount,S-LineCount,S-Density,S-ParaCount,S-FunCalls,S-VarCount,S-RepWords,S-ComPer,S-MaxDepth,S-BlockCount,S-CycCom
30.941273458411725,7.02588005638545,4.1684878796993186,1.2300843266195236,2.1544930778517277,1.6238106843135098,3.9171564582158838,0.5819964767824787,1.484303149153944,2.091319941665491,4.130887309229438
