S-WordCount,S-LineCount,S-Density,S-ParaCount,S-FunCalls,S-VarCount,S-RepWords,S-ComPer,S-MaxDepth,S-BlockCount,S-CycCom
44.868937219075455,10.10446160116755,4.029798658626377,1.0466194755537157,3.243693155891505,2.751473988938364,5.133634061117163,0.4677308907591478,1.6955680437862912,2.605950869602623,6.543536334338783
