S-WordCount,S-LineCount,S-Density,S-ParaCount,S-FunCalls,S-VarCount,S-RepWords,S-ComPer,S-MaxDepth,S-BlockCount,S-CycCom
17.13010169174498,4.387023264360088,3.8700027700330555,1.0437752719627005,2.671008374146516,0.586575844413467,2.8480051246272278,0.492487492806486,1.3965257173702514,1.7073319509559732,1.945044151756112
