S-WordCount,S-LineCount,S-Density,S-ParaCount,S-FunCalls,S-VarCount,S-RepWords,S-ComPer,S-MaxDepth,S-BlockCount,S-CycCom
18.43646650439043,4.622777140212935,4.094885708700381,0.970696642619784,2.955689764112359,0.6633289959180404,3.0195939291054494,0.4487224999833835,1.443271305571629,1.7851820757232755,2.1541810366551215
