S-WordCount,S-LineCount,S-Density,S-ParaCount,S-FunCalls,S-VarCount,S-RepWords,S-ComPer,S-MaxDepth,S-BlockCount,S-CycCom,T-#T, T-#PT, T-#FT, T-%PT, T-%FT, T-#E, T-#VE, T_#NVE, T-#V, T-Spa, T-Cov, T-CovPT, T-CovFT, T-AvgVE, T-AvgVEPT, T-AvgVEFT, T-#VEP^FT, T-%VEP^FT
42.01568713743923,9.748703620614164,3.978443151375421,1.0237313733369329,3.0538490887485628,2.585590885483916,4.901769546357141,0.4588656246315636,1.6816762102473575,2.5815872256738492,6.409330625455971,25, 24, 1, 0.96, 0.04, 66, 42, 24, 254, 0.1539, 0.6364, 0.6364, 0.1515, 10.16, 10.1667, 10, 10, 0.2381
