S-WordCount,S-LineCount,S-Density,S-ParaCount,S-FunCalls,S-VarCount,S-RepWords,S-ComPer,S-MaxDepth,S-BlockCount,S-CycCom,T-#T, T-#PT, T-#FT, T-%PT, T-%FT, T-#E, T-#VE, T_#NVE, T-#V, T-Spa, T-Cov, T-CovPT, T-CovFT, T-AvgVE, T-AvgVEPT, T-AvgVEFT, T-#VEP^FT, T-%VEP^FT
28.79150020773235,6.712943039747767,4.126320150823554,1.2121268151844549,2.013521215977825,1.4918319581886543,3.7494903826678336,0.5754992845765212,1.4696746727439303,2.048934992521275,3.951886042051159,25, 24, 1, 0.96, 0.04, 66, 42, 24, 254, 0.1539, 0.6364, 0.6364, 0.1515, 10.16, 10.1667, 10, 10, 0.2381
