S-WordCount,S-LineCount,S-Density,S-ParaCount,S-FunCalls,S-VarCount,S-RepWords,S-ComPer,S-MaxDepth,S-BlockCount,S-CycCom
28.79150020773235,6.712943039747767,4.126320150823554,1.2121268151844549,2.013521215977825,1.4918319581886543,3.7494903826678336,0.5754992845765212,1.4696746727439303,2.048934992521275,3.951886042051159
