S-WordCount,S-LineCount,S-Density,S-ParaCount,S-FunCalls,S-VarCount,S-RepWords,S-ComPer,S-MaxDepth,S-BlockCount,S-CycCom
42.01568713743923,9.748703620614164,3.978443151375421,1.0237313733369329,3.0538490887485628,2.585590885483916,4.901769546357141,0.4588656246315636,1.6816762102473575,2.5815872256738492,6.409330625455971
