S-WordCount,S-LineCount,S-Density,S-ParaCount,S-FunCalls,S-VarCount,S-RepWords,S-ComPer,S-MaxDepth,S-BlockCount,S-CycCom,T-#T, T-#PT, T-#FT, T-%PT, T-%FT, T-#E, T-#VE, T_#NVE, T-#V, T-Spa, T-Cov, T-CovPT, T-CovFT, T-AvgVE, T-AvgVEPT, T-AvgVEFT, T-#VEP^FT, T-%VEP^FT
40.22547147408763,9.188318631178763,3.9794623353642185,1.1354894249828524,2.7912666544107396,2.4082717497490402,4.713584758268479,0.4745268630334691,1.7210436859944003,2.5849073239304454,5.605783757783541,55, 53, 2, 0.9636, 0.0364, 154, 47, 107, 1262, 0.149, 0.3052, 0.3052, 0.1558, 22.9455, 22.9057, 24, 24, 0.5106
