S-WordCount,S-LineCount,S-Density,S-ParaCount,S-FunCalls,S-VarCount,S-RepWords,S-ComPer,S-MaxDepth,S-BlockCount,S-CycCom
29.42777440815422,6.765078352369729,4.076758417737962,1.2425573359030802,1.9573930212494595,1.574273799958996,3.802689648460787,0.5859220417018796,1.5106216950873252,2.100912611552967,3.8098142153543986
