S-WordCount,S-LineCount,S-Density,S-ParaCount,S-FunCalls,S-VarCount,S-RepWords,S-ComPer,S-MaxDepth,S-BlockCount,S-CycCom
40.244947535511045,9.204242799304497,3.9738489677034563,1.1364803002528145,2.7921324253557698,2.412304292622256,4.701803041160333,0.4759976388236263,1.7224592729063906,2.5871738663991195,5.610492711643177
