S-WordCount,S-LineCount,S-Density,S-ParaCount,S-FunCalls,S-VarCount,S-RepWords,S-ComPer,S-MaxDepth,S-BlockCount,S-CycCom,T-#T, T-#PT, T-#FT, T-%PT, T-%FT, T-#E, T-#VE, T_#NVE, T-#V, T-Spa, T-Cov, T-CovPT, T-CovFT, T-AvgVE, T-AvgVEPT, T-AvgVEFT, T-#VEP^FT, T-%VEP^FT
40.461916930701555,9.139434712346073,3.9592610875568073,1.144153200068257,2.805795909876344,2.415524977992872,4.721413998368104,0.47215240703350797,1.7157867251075742,2.554349175185391,5.567766429218059,3, 1, 2, 0.3333, 0.6667, 165, 36, 129, 92, 0.1859, 0.2182, 0.1333, 0.2121, 30.6667, 22, 35, 21, 0.5833
