S-WordCount,S-LineCount,S-Density,S-ParaCount,S-FunCalls,S-VarCount,S-RepWords,S-ComPer,S-MaxDepth,S-BlockCount,S-CycCom,T-#T, T-#PT, T-#FT, T-%PT, T-%FT, T-#E, T-#VE, T_#NVE, T-#V, T-Spa, T-Cov, T-CovPT, T-CovFT, T-AvgVE, T-AvgVEPT, T-AvgVEFT, T-#VEP^FT, T-%VEP^FT
29.629842535334678,6.732301857853074,4.071245180640573,1.2528097911069191,1.9696844716246606,1.5846657832815114,3.8093809476088096,0.5846307421501741,1.5027950301407,2.0766632485876215,3.7963456171282375,3, 1, 2, 0.3333, 0.6667, 165, 36, 129, 92, 0.1859, 0.2182, 0.1333, 0.2121, 30.6667, 22, 35, 21, 0.5833
