S-WordCount,S-LineCount,S-Density,S-ParaCount,S-FunCalls,S-VarCount,S-RepWords,S-ComPer,S-MaxDepth,S-BlockCount,S-CycCom
29.629842535334678,6.732301857853074,4.071245180640573,1.2528097911069191,1.9696844716246606,1.5846657832815114,3.8093809476088096,0.5846307421501741,1.5027950301407,2.0766632485876215,3.7963456171282375
