S-WordCount,S-LineCount,S-Density,S-ParaCount,S-FunCalls,S-VarCount,S-RepWords,S-ComPer,S-MaxDepth,S-BlockCount,S-CycCom
40.482847868483354,9.15569256808419,3.9533978204022087,1.145206201318839,2.806740554298303,2.4197113940608013,4.709285262836383,0.4736615663081572,1.7172287548510927,2.5565798191857763,5.572490800944035
