S-WordCount,S-LineCount,S-Density,S-ParaCount,S-FunCalls,S-VarCount,S-RepWords,S-ComPer,S-MaxDepth,S-BlockCount,S-CycCom
17.108418463674056,4.38975695197773,3.8627504124089196,1.039366604378135,2.6909695865798127,0.585903098787629,2.8524280620998734,0.493673988282763,1.3976693781167284,1.7068752862088559,1.937390278844492
