S-WordCount,S-LineCount,S-Density,S-ParaCount,S-FunCalls,S-VarCount,S-RepWords,S-ComPer,S-MaxDepth,S-BlockCount,S-CycCom
18.323243802134726,4.610750736882404,4.075606349982816,0.9701597520068359,2.9678620488694656,0.6583247249218579,3.0135785851513326,0.4520121469983952,1.442937172664306,1.7806246308345255,2.1263918240207382
