S-WordCount,S-LineCount,S-Density,S-ParaCount,S-FunCalls,S-VarCount,S-RepWords,S-ComPer,S-MaxDepth,S-BlockCount,S-CycCom,T-#T, T-#PT, T-#FT, T-%PT, T-%FT, T-#E, T-#VE, T_#NVE, T-#V, T-Spa, T-Cov, T-CovPT, T-CovFT, T-AvgVE, T-AvgVEPT, T-AvgVEFT, T-#VEP^FT, T-%VEP^FT
26.818623755281024,6.091154246810863,4.145383292132431,1.0614724355132465,2.2344128073538028,1.335297891007132,3.9525917856674555,0.4761915759458814,1.472920998804834,1.9476935104323307,3.39675451657303,17, 16, 1, 0.9412, 0.0588, 468, 102, 366, 1016, 0.1277, 0.2179, 0.2179, 0.1346, 59.7647, 59.5625, 63, 63, 0.6176
