S-WordCount,S-LineCount,S-Density,S-ParaCount,S-FunCalls,S-VarCount,S-RepWords,S-ComPer,S-MaxDepth,S-BlockCount,S-CycCom,T-#T, T-#PT, T-#FT, T-%PT, T-%FT, T-#E, T-#VE, T_#NVE, T-#V, T-Spa, T-Cov, T-CovPT, T-CovFT, T-AvgVE, T-AvgVEPT, T-AvgVEFT, T-#VEP^FT, T-%VEP^FT
34.503651192643716,7.759198140267609,4.260121175671359,0.9761461519934196,2.900700546663897,1.9352902719257135,4.669819662316082,0.3654775076595611,1.639717510188739,2.308666379993241,4.766614138734633,17, 16, 1, 0.9412, 0.0588, 468, 102, 366, 1016, 0.1277, 0.2179, 0.2179, 0.1346, 59.7647, 59.5625, 63, 63, 0.6176
