S-WordCount,S-LineCount,S-Density,S-ParaCount,S-FunCalls,S-VarCount,S-RepWords,S-ComPer,S-MaxDepth,S-BlockCount,S-CycCom
26.818623755281024,6.091154246810863,4.145383292132431,1.0614724355132465,2.2344128073538028,1.335297891007132,3.9525917856674555,0.4761915759458814,1.472920998804834,1.9476935104323307,3.39675451657303
