S-WordCount,S-LineCount,S-Density,S-ParaCount,S-FunCalls,S-VarCount,S-RepWords,S-ComPer,S-MaxDepth,S-BlockCount,S-CycCom
34.503550874644255,7.768479801944271,4.256206349974999,0.9765207695894997,2.9017444631140523,1.9373205919290475,4.659779240150295,0.36640090009573334,1.6406743551527092,2.3097775888028025,4.76815836037142
