S-WordCount,S-LineCount,S-Density,S-ParaCount,S-FunCalls,S-VarCount,S-RepWords,S-ComPer,S-MaxDepth,S-BlockCount,S-CycCom,T-#T, T-#PT, T-#FT, T-%PT, T-%FT, T-#E, T-#VE, T_#NVE, T-#V, T-Spa, T-Cov, T-CovPT, T-CovFT, T-AvgVE, T-AvgVEPT, T-AvgVEFT, T-#VEP^FT, T-%VEP^FT
27.85709025151103,6.445711050675354,4.185317413414567,1.2416029001626347,1.9886837264673043,1.4471332776043986,3.577196899269911,0.570488297039073,1.4384615938232137,2.0118341855791497,3.6532869725149837,37, 36, 1, 0.973, 0.027, 320, 94, 226, 1311, 0.1107, 0.2938, 0.2562, 0.1906, 35.4324, 34.7222, 61, 49, 0.5213
