S-WordCount,S-LineCount,S-Density,S-ParaCount,S-FunCalls,S-VarCount,S-RepWords,S-ComPer,S-MaxDepth,S-BlockCount,S-CycCom,T-#T, T-#PT, T-#FT, T-%PT, T-%FT, T-#E, T-#VE, T_#NVE, T-#V, T-Spa, T-Cov, T-CovPT, T-CovFT, T-AvgVE, T-AvgVEPT, T-AvgVEFT, T-#VEP^FT, T-%VEP^FT
41.48439074150535,9.585893258139842,4.04867637902635,1.0723583790815778,3.0336450952405434,2.561538425245757,4.740537690632212,0.44675495842319796,1.6526535655109917,2.5597328167814846,6.0511070566070515,37, 36, 1, 0.973, 0.027, 320, 94, 226, 1311, 0.1107, 0.2938, 0.2562, 0.1906, 35.4324, 34.7222, 61, 49, 0.5213
