S-WordCount,S-LineCount,S-Density,S-ParaCount,S-FunCalls,S-VarCount,S-RepWords,S-ComPer,S-MaxDepth,S-BlockCount,S-CycCom
41.50206486161491,9.598736595848958,4.0446817497304695,1.0729339631348296,3.03490510429087,2.5649246064021844,4.731852427367033,0.44777708215377154,1.6535313295257934,2.561352806332888,6.055738959471773
