S-WordCount,S-LineCount,S-Density,S-ParaCount,S-FunCalls,S-VarCount,S-RepWords,S-ComPer,S-MaxDepth,S-BlockCount,S-CycCom
27.85709025151103,6.445711050675354,4.185317413414567,1.2416029001626347,1.9886837264673043,1.4471332776043986,3.577196899269911,0.570488297039073,1.4384615938232137,2.0118341855791497,3.6532869725149837
