S-WordCount,S-LineCount,S-Density,S-ParaCount,S-FunCalls,S-VarCount,S-RepWords,S-ComPer,S-MaxDepth,S-BlockCount,S-CycCom
18.221327797691238,4.58225011604856,4.076405043229706,0.9700252538394578,2.9628398208171927,0.651346019384748,3.008979706312615,0.45239752412589856,1.4439789829075136,1.7714711042952531,2.0955762992952938
