S-WordCount,S-LineCount,S-Density,S-ParaCount,S-FunCalls,S-VarCount,S-RepWords,S-ComPer,S-MaxDepth,S-BlockCount,S-CycCom
17.023489572077448,4.366369300011995,3.863478637810809,1.0394032505917432,2.686738542411345,0.5802644986854772,2.847974854995461,0.4940389378899059,1.3984317693509631,1.6993516516407,1.911872379070823
