S-WordCount,S-LineCount,S-Density,S-ParaCount,S-FunCalls,S-VarCount,S-RepWords,S-ComPer,S-MaxDepth,S-BlockCount,S-CycCom,T-#T, T-#PT, T-#FT, T-%PT, T-%FT, T-#E, T-#VE, T_#NVE, T-#V, T-Spa, T-Cov, T-CovPT, T-CovFT, T-AvgVE, T-AvgVEPT, T-AvgVEFT, T-#VEP^FT, T-%VEP^FT
36.36672103408645,8.147944340723338,4.27956990990075,1.0011290816413179,3.048706962773369,2.039551656812164,4.682606965708182,0.3752368205241854,1.6606960047118284,2.342162179697131,4.8587609403764525,6, 4, 2, 0.6667, 0.3333, 67, 39, 28, 144, 0.3582, 0.5821, 0.4776, 0.5075, 24, 22.5, 27, 27, 0.6923
