S-WordCount,S-LineCount,S-Density,S-ParaCount,S-FunCalls,S-VarCount,S-RepWords,S-ComPer,S-MaxDepth,S-BlockCount,S-CycCom,T-#T, T-#PT, T-#FT, T-%PT, T-%FT, T-#E, T-#VE, T_#NVE, T-#V, T-Spa, T-Cov, T-CovPT, T-CovFT, T-AvgVE, T-AvgVEPT, T-AvgVEFT, T-#VEP^FT, T-%VEP^FT
27.58351795447493,6.239279959103597,4.172579516833915,1.0893406193765194,2.301112481995822,1.3835627619680042,3.936422003806852,0.48645489358129773,1.4857178225016738,1.9588511302195675,3.4253653944123,6, 4, 2, 0.6667, 0.3333, 67, 39, 28, 144, 0.3582, 0.5821, 0.4776, 0.5075, 24, 22.5, 27, 27, 0.6923
