S-WordCount,S-LineCount,S-Density,S-ParaCount,S-FunCalls,S-VarCount,S-RepWords,S-ComPer,S-MaxDepth,S-BlockCount,S-CycCom
27.58351795447493,6.239279959103597,4.172579516833915,1.0893406193765194,2.301112481995822,1.3835627619680042,3.936422003806852,0.48645489358129773,1.4857178225016738,1.9588511302195675,3.4253653944123
