S-WordCount,S-LineCount,S-Density,S-ParaCount,S-FunCalls,S-VarCount,S-RepWords,S-ComPer,S-MaxDepth,S-BlockCount,S-CycCom
36.37177147468209,8.15791528769092,4.275871026523941,1.001557190026644,3.0501164805200873,2.0417858624089678,4.67301790717742,0.37614891027063996,1.6616711530461366,2.3433198737761947,4.8604957241046485
