S-WordCount,S-LineCount,S-Density,S-ParaCount,S-FunCalls,S-VarCount,S-RepWords,S-ComPer,S-MaxDepth,S-BlockCount,S-CycCom,T-#T, T-#PT, T-#FT, T-%PT, T-%FT, T-#E, T-#VE, T_#NVE, T-#V, T-Spa, T-Cov, T-CovPT, T-CovFT, T-AvgVE, T-AvgVEPT, T-AvgVEFT, T-#VEP^FT, T-%VEP^FT
18.441537051127646,4.625984077308764,4.092470688568694,0.9706966426197834,2.9562100462993093,0.66332899591804,3.020643311821499,0.44862277219514113,1.4443206882876787,1.7865254031777138,2.1565590495886897,3824, 3823, 1, 0.9997, 0.0003, 1076, 921, 155, 228952, 0.0556, 0.8559, 0.8559, 0.0502, 59.8724, 59.8739, 54, 54, 0.0586
