S-WordCount,S-LineCount,S-Density,S-ParaCount,S-FunCalls,S-VarCount,S-RepWords,S-ComPer,S-MaxDepth,S-BlockCount,S-CycCom
17.135271868253266,4.389782984823482,3.867949694572713,1.0437752719627003,2.6716202904106066,0.5865758444134668,2.8492502194476708,0.4923815391193353,1.3974487509990685,1.7084863683535303,1.9473851926703902
