S-WordCount,S-LineCount,S-Density,S-ParaCount,S-FunCalls,S-VarCount,S-RepWords,S-ComPer,S-MaxDepth,S-BlockCount,S-CycCom,T-#T, T-#PT, T-#FT, T-%PT, T-%FT, T-#E, T-#VE, T_#NVE, T-#V, T-Spa, T-Cov, T-CovPT, T-CovFT, T-AvgVE, T-AvgVEPT, T-AvgVEFT, T-#VEP^FT, T-%VEP^FT
46.09401684592164,10.439786653158098,4.065155898178785,1.0206567429013595,3.4313157001316936,2.8437448571548347,5.192116451647769,0.48053804462931543,1.7110096720999153,2.700204902317632,6.550905812831487,36, 35, 1, 0.9722, 0.0278, 224, 60, 164, 764, 0.0947, 0.2679, 0.2545, 0.067, 21.2222, 21.4, 15, 12, 0.2
