S-WordCount,S-LineCount,S-Density,S-ParaCount,S-FunCalls,S-VarCount,S-RepWords,S-ComPer,S-MaxDepth,S-BlockCount,S-CycCom
31.250443592801158,7.133128654916827,4.186137703461922,1.2279338054060822,2.268525354769693,1.6426680914644327,3.9156229364827357,0.5896209425606608,1.487741221220207,2.11732952328491,4.079981809387847
