S-WordCount,S-LineCount,S-Density,S-ParaCount,S-FunCalls,S-VarCount,S-RepWords,S-ComPer,S-MaxDepth,S-BlockCount,S-CycCom
46.09401684592164,10.439786653158098,4.065155898178785,1.0206567429013595,3.4313157001316936,2.8437448571548347,5.192116451647769,0.48053804462931543,1.7110096720999153,2.700204902317632,6.550905812831487
