S-WordCount,S-LineCount,S-Density,S-ParaCount,S-FunCalls,S-VarCount,S-RepWords,S-ComPer,S-MaxDepth,S-BlockCount,S-CycCom,T-#T, T-#PT, T-#FT, T-%PT, T-%FT, T-#E, T-#VE, T_#NVE, T-#V, T-Spa, T-Cov, T-CovPT, T-CovFT, T-AvgVE, T-AvgVEPT, T-AvgVEFT, T-#VEP^FT, T-%VEP^FT
40.49544720678702,9.359943657619224,4.002083611856759,1.0960735993214086,2.843181644163411,2.5428734691701584,4.64898004839259,0.45048269279822767,1.6484128875735344,2.5107739293053384,5.945124487299754,1392, 1391, 1, 0.9993, 0.0007, 208, 158, 50, 10024, 0.0346, 0.7596, 0.75, 0.0962, 7.2011, 7.1919, 20, 18, 0.1139
