S-WordCount,S-LineCount,S-Density,S-ParaCount,S-FunCalls,S-VarCount,S-RepWords,S-ComPer,S-MaxDepth,S-BlockCount,S-CycCom,T-#T, T-#PT, T-#FT, T-%PT, T-%FT, T-#E, T-#VE, T_#NVE, T-#V, T-Spa, T-Cov, T-CovPT, T-CovFT, T-AvgVE, T-AvgVEPT, T-AvgVEFT, T-#VEP^FT, T-%VEP^FT
26.584164639839507,6.166930074711403,4.100572164890468,1.2460795080438627,1.8148727756009808,1.4182263000109023,3.4738325253531235,0.5772105297728782,1.4339805528049916,1.9506959330301303,3.5152175414668227,1392, 1391, 1, 0.9993, 0.0007, 208, 158, 50, 10024, 0.0346, 0.7596, 0.75, 0.0962, 7.2011, 7.1919, 20, 18, 0.1139
