S-WordCount,S-LineCount,S-Density,S-ParaCount,S-FunCalls,S-VarCount,S-RepWords,S-ComPer,S-MaxDepth,S-BlockCount,S-CycCom
40.51281451194255,9.374000456800443,3.9973708361120073,1.096802228339389,2.8440700409730475,2.5466988459585034,4.638761779863578,0.4516646821874128,1.6494062420338322,2.512487331655869,5.95012260758119
