S-WordCount,S-LineCount,S-Density,S-ParaCount,S-FunCalls,S-VarCount,S-RepWords,S-ComPer,S-MaxDepth,S-BlockCount,S-CycCom
26.584164639839507,6.166930074711403,4.100572164890468,1.2460795080438627,1.8148727756009808,1.4182263000109023,3.4738325253531235,0.5772105297728782,1.4339805528049916,1.9506959330301303,3.5152175414668227
