S-WordCount,S-LineCount,S-Density,S-ParaCount,S-FunCalls,S-VarCount,S-RepWords,S-ComPer,S-MaxDepth,S-BlockCount,S-CycCom,T-#T, T-#PT, T-#FT, T-%PT, T-%FT, T-#E, T-#VE, T_#NVE, T-#V, T-Spa, T-Cov, T-CovPT, T-CovFT, T-AvgVE, T-AvgVEPT, T-AvgVEFT, T-#VEP^FT, T-%VEP^FT
31.073010893391675,6.969885293972764,4.126015601829412,1.237436259721357,2.0770953249019413,1.6525811022140762,3.9584758403751175,0.5833197006245917,1.525339659875082,2.125159024303318,3.9914876049249632,17, 16, 1, 0.9412, 0.0588, 60, 27, 33, 95, 0.0931, 0.45, 0.4333, 0.15, 5.5882, 5.375, 9, 8, 0.2963
