S-WordCount,S-LineCount,S-Density,S-ParaCount,S-FunCalls,S-VarCount,S-RepWords,S-ComPer,S-MaxDepth,S-BlockCount,S-CycCom,T-#T, T-#PT, T-#FT, T-%PT, T-%FT, T-#E, T-#VE, T_#NVE, T-#V, T-Spa, T-Cov, T-CovPT, T-CovFT, T-AvgVE, T-AvgVEPT, T-AvgVEFT, T-#VEP^FT, T-%VEP^FT
42.30696044947799,9.424314494391918,4.048693717178731,1.1681245057216072,2.9219023029863083,2.501998975827471,4.893292603983876,0.47120636863695126,1.7397493883856694,2.6106070127361436,5.812192680102405,17, 16, 1, 0.9412, 0.0588, 60, 27, 33, 95, 0.0931, 0.45, 0.4333, 0.15, 5.5882, 5.375, 9, 8, 0.2963
