S-WordCount,S-LineCount,S-Density,S-ParaCount,S-FunCalls,S-VarCount,S-RepWords,S-ComPer,S-MaxDepth,S-BlockCount,S-CycCom
42.33562649712013,9.44234347208908,4.042900831661649,1.169312589336249,2.923317213556508,2.506689860495582,4.881261041069249,0.47277886323595186,1.7413436949564944,2.613144024137098,5.818028190985552
