S-WordCount,S-LineCount,S-Density,S-ParaCount,S-FunCalls,S-VarCount,S-RepWords,S-ComPer,S-MaxDepth,S-BlockCount,S-CycCom,T-#T, T-#PT, T-#FT, T-%PT, T-%FT, T-#E, T-#VE, T_#NVE, T-#V, T-Spa, T-Cov, T-CovPT, T-CovFT, T-AvgVE, T-AvgVEPT, T-AvgVEFT, T-#VEP^FT, T-%VEP^FT
36.32173492077755,8.165119207831937,4.266499113056734,1.0042480169167114,3.044778840774618,2.049990134816667,4.674879403565021,0.3754199540675822,1.6635925494025248,2.3511325584375076,4.87620542504255,347, 345, 2, 0.9942, 0.0058, 897, 503, 394, 7195, 0.0231, 0.5608, 0.5552, 0.0346, 20.7349, 20.7623, 16, 26, 0.0517
