S-WordCount,S-LineCount,S-Density,S-ParaCount,S-FunCalls,S-VarCount,S-RepWords,S-ComPer,S-MaxDepth,S-BlockCount,S-CycCom
36.32655457856762,8.174920985316719,4.262844879058763,1.0046752984593117,3.0461472659160034,2.0522042453681464,4.6654767907264185,0.37631281791017585,1.6645544419476848,2.3522894655601005,4.87794984718923
