S-WordCount,S-LineCount,S-Density,S-ParaCount,S-FunCalls,S-VarCount,S-RepWords,S-ComPer,S-MaxDepth,S-BlockCount,S-CycCom
27.570981045171923,6.2477840756769325,4.207460365563265,1.0921356879191602,2.3000094854633,1.3867369107413048,3.9544852542100952,0.48620331787196625,1.486241488448907,1.9642105172992645,3.4342477916217073
