S-WordCount,S-LineCount,S-Density,S-ParaCount,S-FunCalls,S-VarCount,S-RepWords,S-ComPer,S-MaxDepth,S-BlockCount,S-CycCom,T-#T, T-#PT, T-#FT, T-%PT, T-%FT, T-#E, T-#VE, T_#NVE, T-#V, T-Spa, T-Cov, T-CovPT, T-CovFT, T-AvgVE, T-AvgVEPT, T-AvgVEFT, T-#VEP^FT, T-%VEP^FT
36.605534409271215,8.15715746941497,4.278383225455512,1.0093984212285592,3.0165152276892475,2.06201401257696,4.6845576599052885,0.3791939897723802,1.656960941636254,2.34288987724025,4.859392308175117,115, 113, 2, 0.9826, 0.0174, 190, 135, 55, 6881, 0.3149, 0.7105, 0.7105, 0.3684, 59.8348, 59.823, 60.5, 70, 0.5185
