S-WordCount,S-LineCount,S-Density,S-ParaCount,S-FunCalls,S-VarCount,S-RepWords,S-ComPer,S-MaxDepth,S-BlockCount,S-CycCom,T-#T, T-#PT, T-#FT, T-%PT, T-%FT, T-#E, T-#VE, T_#NVE, T-#V, T-Spa, T-Cov, T-CovPT, T-CovFT, T-AvgVE, T-AvgVEPT, T-AvgVEFT, T-#VEP^FT, T-%VEP^FT
27.870788055158876,6.262659199542856,4.222652228187836,1.1007041287304709,2.2809038802656763,1.4059816931196256,3.9761237505788234,0.4882559720797952,1.4816479926466317,1.964259021850684,3.425809329082932,115, 113, 2, 0.9826, 0.0174, 190, 135, 55, 6881, 0.3149, 0.7105, 0.7105, 0.3684, 59.8348, 59.823, 60.5, 70, 0.5185
