S-WordCount,S-LineCount,S-Density,S-ParaCount,S-FunCalls,S-VarCount,S-RepWords,S-ComPer,S-MaxDepth,S-BlockCount,S-CycCom
27.870788055158876,6.262659199542856,4.222652228187836,1.1007041287304709,2.2809038802656763,1.4059816931196256,3.9761237505788234,0.4882559720797952,1.4816479926466317,1.964259021850684,3.425809329082932
