S-WordCount,S-LineCount,S-Density,S-ParaCount,S-FunCalls,S-VarCount,S-RepWords,S-ComPer,S-MaxDepth,S-BlockCount,S-CycCom
36.61106134208088,8.166833126984375,4.274799849875695,1.0098349040496133,3.0177934461096405,2.0642365922074606,4.6752814874615956,0.3800873952736226,1.657894814989046,2.3440123717700976,4.861073118542508
