S-WordCount,S-LineCount,S-Density,S-ParaCount,S-FunCalls,S-VarCount,S-RepWords,S-ComPer,S-MaxDepth,S-BlockCount,S-CycCom,T-#T, T-#PT, T-#FT, T-%PT, T-%FT, T-#E, T-#VE, T_#NVE, T-#V, T-Spa, T-Cov, T-CovPT, T-CovFT, T-AvgVE, T-AvgVEPT, T-AvgVEFT, T-#VEP^FT, T-%VEP^FT
26.99338454627345,6.27569180072732,4.128012260814804,1.2285965291050036,1.9096632827655795,1.4217685311780843,3.5142330872438357,0.5710162212116392,1.4425737572130883,1.9807188823555122,3.5174437164897396,29, 28, 1, 0.9655, 0.0345, 292, 78, 214, 651, 0.0769, 0.2671, 0.2671, 0.0514, 22.4483, 22.7143, 15, 15, 0.1923
