S-WordCount,S-LineCount,S-Density,S-ParaCount,S-FunCalls,S-VarCount,S-RepWords,S-ComPer,S-MaxDepth,S-BlockCount,S-CycCom,T-#T, T-#PT, T-#FT, T-%PT, T-%FT, T-#E, T-#VE, T_#NVE, T-#V, T-Spa, T-Cov, T-CovPT, T-CovFT, T-AvgVE, T-AvgVEPT, T-AvgVEFT, T-#VEP^FT, T-%VEP^FT
38.918414012430404,9.007252504430351,4.0271032055251235,1.0706906987036993,2.8145019252809282,2.4095383713414638,4.546958516169151,0.45056554036395785,1.635617630354353,2.4565046237413557,5.640561664763698,29, 28, 1, 0.9655, 0.0345, 292, 78, 214, 651, 0.0769, 0.2671, 0.2671, 0.0514, 22.4483, 22.7143, 15, 15, 0.1923
