S-WordCount,S-LineCount,S-Density,S-ParaCount,S-FunCalls,S-VarCount,S-RepWords,S-ComPer,S-MaxDepth,S-BlockCount,S-CycCom
26.99338454627345,6.27569180072732,4.128012260814804,1.2285965291050036,1.9096632827655795,1.4217685311780843,3.5142330872438357,0.5710162212116392,1.4425737572130883,1.9807188823555122,3.5174437164897396
