S-WordCount,S-LineCount,S-Density,S-ParaCount,S-FunCalls,S-VarCount,S-RepWords,S-ComPer,S-MaxDepth,S-BlockCount,S-CycCom
38.92958736057822,9.01865248138434,4.023043352242518,1.0712634967969377,2.8152061099411814,2.4125454354755758,4.537757272195485,0.4515999924253257,1.6364541745448216,2.4578654086920335,5.644158074034095
