S-WordCount,S-LineCount,S-Density,S-ParaCount,S-FunCalls,S-VarCount,S-RepWords,S-ComPer,S-MaxDepth,S-BlockCount,S-CycCom
18.311485221576508,4.6088192180062,4.0752951069708585,0.970159752006836,2.9675149471686684,0.6583247249218579,3.0124100094253117,0.4520272888628283,1.4429371726643068,1.7801271183967138,2.1239042618316826
