S-WordCount,S-LineCount,S-Density,S-ParaCount,S-FunCalls,S-VarCount,S-RepWords,S-ComPer,S-MaxDepth,S-BlockCount,S-CycCom
17.097591213065787,4.387982823834989,3.862463064223599,1.039366604378135,2.6906451745765687,0.5859030987876286,2.8513534473391267,0.49368917636619786,1.3976693781167284,1.7064190818292941,1.935109256946682
