S-WordCount,S-LineCount,S-Density,S-ParaCount,S-FunCalls,S-VarCount,S-RepWords,S-ComPer,S-MaxDepth,S-BlockCount,S-CycCom,T-#T, T-#PT, T-#FT, T-%PT, T-%FT, T-#E, T-#VE, T_#NVE, T-#V, T-Spa, T-Cov, T-CovPT, T-CovFT, T-AvgVE, T-AvgVEPT, T-AvgVEFT, T-#VEP^FT, T-%VEP^FT
39.958455758894374,9.250110597909334,3.997870691944945,1.088990015301541,2.829290779097207,2.496609932065167,4.606094123404911,0.4472619756244792,1.6458374923858956,2.500494027863311,5.8715380963310375,27, 26, 1, 0.963, 0.037, 195, 71, 124, 517, 0.0982, 0.3641, 0.3385, 0.2, 19.1481, 18.3846, 39, 34, 0.4789
