S-WordCount,S-LineCount,S-Density,S-ParaCount,S-FunCalls,S-VarCount,S-RepWords,S-ComPer,S-MaxDepth,S-BlockCount,S-CycCom
39.97412048207489,9.263728080740124,3.993186602348518,1.0896918539406946,2.8301313260354584,2.5002684312018633,4.595840504819819,0.448424408119614,1.646814790607549,2.502162863426267,5.8762802028789105
