S-WordCount,S-LineCount,S-Density,S-ParaCount,S-FunCalls,S-VarCount,S-RepWords,S-ComPer,S-MaxDepth,S-BlockCount,S-CycCom
26.64858251939698,6.199944064478178,4.059206893964834,1.2337981186039062,1.8419624270846893,1.4170515209985424,3.491313920364808,0.5722427369427716,1.4398068049730477,1.9617623986415949,3.532057970539497
