S-WordCount,S-LineCount,S-Density,S-ParaCount,S-FunCalls,S-VarCount,S-RepWords,S-ComPer,S-MaxDepth,S-BlockCount,S-CycCom,T-#T, T-#PT, T-#FT, T-%PT, T-%FT, T-#E, T-#VE, T_#NVE, T-#V, T-Spa, T-Cov, T-CovPT, T-CovFT, T-AvgVE, T-AvgVEPT, T-AvgVEFT, T-#VEP^FT, T-%VEP^FT
40.42980472369989,9.368017718948543,4.042286975464894,1.10526766932529,2.8278930028410962,2.573077171160652,4.701105013060863,0.44717310832276497,1.6527861731531286,2.503615228707724,6.046430568605324,64, 63, 1, 0.9844, 0.0156, 185, 142, 43, 2505, 0.2116, 0.7676, 0.7676, 0.2973, 39.1406, 38.8889, 55, 55, 0.3873
