S-WordCount,S-LineCount,S-Density,S-ParaCount,S-FunCalls,S-VarCount,S-RepWords,S-ComPer,S-MaxDepth,S-BlockCount,S-CycCom
40.44693072133139,9.382057126449979,4.0377047698926765,1.1060209071833498,2.8287343733770847,2.576979229126903,4.691067974860902,0.4483420408111812,1.653789352994585,2.5053028400612973,6.051708653889727
