S-WordCount,S-LineCount,S-Density,S-ParaCount,S-FunCalls,S-VarCount,S-RepWords,S-ComPer,S-MaxDepth,S-BlockCount,S-CycCom
27.02211770705836,6.279545884968792,4.100481097068268,1.2379907140011346,1.8562115560688424,1.466577966374285,3.5281527603781697,0.5713829876607627,1.4431395735367907,1.9656180569993635,3.62347091751838
