S-WordCount,S-LineCount,S-Density,S-ParaCount,S-FunCalls,S-VarCount,S-RepWords,S-ComPer,S-MaxDepth,S-BlockCount,S-CycCom,T-#T, T-#PT, T-#FT, T-%PT, T-%FT, T-#E, T-#VE, T_#NVE, T-#V, T-Spa, T-Cov, T-CovPT, T-CovFT, T-AvgVE, T-AvgVEPT, T-AvgVEFT, T-#VEP^FT, T-%VEP^FT
41.483333491679154,9.67261698085756,4.029153003583957,1.0406863600456695,3.039132062191085,2.5476326917059797,4.829926602231814,0.44572722077412225,1.6833007228318273,2.572934874025801,6.108693131642268,79, 73, 6, 0.9241, 0.0759, 308, 174, 134, 3060, 0.1258, 0.5649, 0.5584, 0.1721, 38.7342, 38.9041, 36.6667, 51, 0.2931
