S-WordCount,S-LineCount,S-Density,S-ParaCount,S-FunCalls,S-VarCount,S-RepWords,S-ComPer,S-MaxDepth,S-BlockCount,S-CycCom,T-#T, T-#PT, T-#FT, T-%PT, T-%FT, T-#E, T-#VE, T_#NVE, T-#V, T-Spa, T-Cov, T-CovPT, T-CovFT, T-AvgVE, T-AvgVEPT, T-AvgVEFT, T-#VEP^FT, T-%VEP^FT
28.480295635183158,6.658222426611216,4.151596470219198,1.2203673657928196,2.007379534171894,1.471736964710243,3.696938809988967,0.5657075574617827,1.4693133806056802,2.042157395550625,3.773640536939429,79, 73, 6, 0.9241, 0.0759, 308, 174, 134, 3060, 0.1258, 0.5649, 0.5584, 0.1721, 38.7342, 38.9041, 36.6667, 51, 0.2931
