S-WordCount,S-LineCount,S-Density,S-ParaCount,S-FunCalls,S-VarCount,S-RepWords,S-ComPer,S-MaxDepth,S-BlockCount,S-CycCom
28.480295635183158,6.658222426611216,4.151596470219198,1.2203673657928196,2.007379534171894,1.471736964710243,3.696938809988967,0.5657075574617827,1.4693133806056802,2.042157395550625,3.773640536939429
