S-WordCount,S-LineCount,S-Density,S-ParaCount,S-FunCalls,S-VarCount,S-RepWords,S-ComPer,S-MaxDepth,S-BlockCount,S-CycCom
41.500149162268016,9.685048349967493,4.025304546710533,1.0411573830817276,3.0403443394882483,2.5508212230883958,4.821878370871972,0.446697358518593,1.6842101863067414,2.5745083799603,6.113240162879251
