S-WordCount,S-LineCount,S-Density,S-ParaCount,S-FunCalls,S-VarCount,S-RepWords,S-ComPer,S-MaxDepth,S-BlockCount,S-CycCom,T-#T, T-#PT, T-#FT, T-%PT, T-%FT, T-#E, T-#VE, T_#NVE, T-#V, T-Spa, T-Cov, T-CovPT, T-CovFT, T-AvgVE, T-AvgVEPT, T-AvgVEFT, T-#VEP^FT, T-%VEP^FT
32.185558790405906,7.173214842665906,4.4507451672052225,0.8389942226168108,2.7076423468372326,1.5922000060476158,4.657345759002566,0.4038683054532947,1.5755585416184759,2.1748521246258194,4.494549537417992,31, 25, 6, 0.8065, 0.1935, 271, 139, 132, 1087, 0.1294, 0.5129, 0.4945, 0.1218, 35.0645, 38, 22.8333, 28, 0.2014
