S-WordCount,S-LineCount,S-Density,S-ParaCount,S-FunCalls,S-VarCount,S-RepWords,S-ComPer,S-MaxDepth,S-BlockCount,S-CycCom,T-#T, T-#PT, T-#FT, T-%PT, T-%FT, T-#E, T-#VE, T_#NVE, T-#V, T-Spa, T-Cov, T-CovPT, T-CovFT, T-AvgVE, T-AvgVEPT, T-AvgVEFT, T-#VEP^FT, T-%VEP^FT
26.04229207320943,5.777546714006152,4.287757241838305,0.9701013453174476,2.180047138174685,1.1334158650240669,4.110540392507221,0.4921621811412819,1.4361223784361254,1.8716934164993209,3.3477107461708275,31, 25, 6, 0.8065, 0.1935, 271, 139, 132, 1087, 0.1294, 0.5129, 0.4945, 0.1218, 35.0645, 38, 22.8333, 28, 0.2014
