S-WordCount,S-LineCount,S-Density,S-ParaCount,S-FunCalls,S-VarCount,S-RepWords,S-ComPer,S-MaxDepth,S-BlockCount,S-CycCom
32.185558790405906,7.173214842665906,4.4507451672052225,0.8389942226168108,2.7076423468372326,1.5922000060476158,4.657345759002566,0.4038683054532947,1.5755585416184759,2.1748521246258194,4.494549537417992
