S-WordCount,S-LineCount,S-Density,S-ParaCount,S-FunCalls,S-VarCount,S-RepWords,S-ComPer,S-MaxDepth,S-BlockCount,S-CycCom
26.04229207320943,5.777546714006152,4.287757241838305,0.9701013453174476,2.180047138174685,1.1334158650240669,4.110540392507221,0.4921621811412819,1.4361223784361254,1.8716934164993209,3.3477107461708275
