S-WordCount,S-LineCount,S-Density,S-ParaCount,S-FunCalls,S-VarCount,S-RepWords,S-ComPer,S-MaxDepth,S-BlockCount,S-CycCom,T-#T, T-#PT, T-#FT, T-%PT, T-%FT, T-#E, T-#VE, T_#NVE, T-#V, T-Spa, T-Cov, T-CovPT, T-CovFT, T-AvgVE, T-AvgVEPT, T-AvgVEFT, T-#VEP^FT, T-%VEP^FT
46.424487098741885,10.553895695656681,4.061118699721886,1.0205902194984378,3.4113238667418493,2.822671460199926,5.255233201928849,0.48004438700461594,1.722457285883056,2.7272759785769893,6.585588070554939,229, 201, 28, 0.8777, 0.1223, 1294, 511, 783, 21652, 0.0731, 0.3949, 0.391, 0.3107, 94.5502, 88.403, 138.6786, 397, 0.7769
