S-WordCount,S-LineCount,S-Density,S-ParaCount,S-FunCalls,S-VarCount,S-RepWords,S-ComPer,S-MaxDepth,S-BlockCount,S-CycCom,T-#T, T-#PT, T-#FT, T-%PT, T-%FT, T-#E, T-#VE, T_#NVE, T-#V, T-Spa, T-Cov, T-CovPT, T-CovFT, T-AvgVE, T-AvgVEPT, T-AvgVEFT, T-#VEP^FT, T-%VEP^FT
31.67007374672396,7.262613055849323,4.177325720086147,1.2246335389713434,2.2664760916277653,1.6395763256248568,3.975843314996288,0.5890880544484256,1.4982630032518134,2.146958361187513,4.136865867058912,229, 201, 28, 0.8777, 0.1223, 1294, 511, 783, 21652, 0.0731, 0.3949, 0.391, 0.3107, 94.5502, 88.403, 138.6786, 397, 0.7769
