S-WordCount,S-LineCount,S-Density,S-ParaCount,S-FunCalls,S-VarCount,S-RepWords,S-ComPer,S-MaxDepth,S-BlockCount,S-CycCom
46.424487098741885,10.553895695656681,4.061118699721886,1.0205902194984378,3.4113238667418493,2.822671460199926,5.255233201928849,0.48004438700461594,1.722457285883056,2.7272759785769893,6.585588070554939
