S-WordCount,S-LineCount,S-Density,S-ParaCount,S-FunCalls,S-VarCount,S-RepWords,S-ComPer,S-MaxDepth,S-BlockCount,S-CycCom
31.67007374672396,7.262613055849323,4.177325720086147,1.2246335389713434,2.2664760916277653,1.6395763256248568,3.975843314996288,0.5890880544484256,1.4982630032518134,2.146958361187513,4.136865867058912
