S-WordCount,S-LineCount,S-Density,S-ParaCount,S-FunCalls,S-VarCount,S-RepWords,S-ComPer,S-MaxDepth,S-BlockCount,S-CycCom,T-#T, T-#PT, T-#FT, T-%PT, T-%FT, T-#E, T-#VE, T_#NVE, T-#V, T-Spa, T-Cov, T-CovPT, T-CovFT, T-AvgVE, T-AvgVEPT, T-AvgVEFT, T-#VEP^FT, T-%VEP^FT
42.14979122112881,9.757282661527492,4.0270750636571515,1.0439717243687192,3.0323507602939785,2.593624418073433,4.937461019953443,0.44479050053438535,1.6900931656735894,2.589073736427092,6.3625696414875765,28, 27, 1, 0.9643, 0.0357, 809, 120, 689, 2213, 0.0977, 0.1483, 0.1483, 0.1038, 79.0357, 78.8519, 84, 84, 0.7
