S-WordCount,S-LineCount,S-Density,S-ParaCount,S-FunCalls,S-VarCount,S-RepWords,S-ComPer,S-MaxDepth,S-BlockCount,S-CycCom
42.16817607543473,9.76988850965083,4.023230883394718,1.0444495453305933,3.03354372942884,2.5969163388157153,4.92969197373631,0.44575603234169586,1.6910168392435951,2.590682424382049,6.367718917841968
