S-WordCount,S-LineCount,S-Density,S-ParaCount,S-FunCalls,S-VarCount,S-RepWords,S-ComPer,S-MaxDepth,S-BlockCount,S-CycCom
28.806931707076124,6.704072054656437,4.149761077394021,1.221978551036888,2.005508251269207,1.4928891661975656,3.7524289107425037,0.5651021489242558,1.4724730003350577,2.05009306922888,3.894697925075626
