Version,S-WordCount,S-LineCount,S-Density,S-ParaCount,S-FunCalls,S-VarCount,S-RepWords,S-ComPer,S-MaxDepth,S-BlockCount,S-CycCom,T-#T, T-#PT, T-#FT, T-%PT, T-%FT, T-#E, T-#VE, T_#NVE, T-#V, T-Spa, T-Cov, T-CovPT, T-CovFT, T-AvgVE, T-AvgVEPT, T-AvgVEFT, T-#VEP^FT, T-%VEP^FT
1,46.68333037361171,10.614732424625567,4.069132612959947,1.0287547271244861,3.4126549866620945,2.893212709450708,5.24275684896788,0.4776490923577028,1.720969526304502,2.7150290227102847,6.58524113761852,306, 304, 2, 0.9935, 0.0065, 243, 133, 110, 3356, 0.0451, 0.5473, 0.535, 0.0782, 10.9673, 10.9441, 14.5, 16, 0.1203
2,46.934028608115995,10.661604148143432,4.067948787676672,1.0268241173649624,3.4314036392231393,2.9106452525231026,5.261212064503562,0.4784815309437876,1.7215548859326206,2.7214429945447542,6.620510960256148,17, 16, 1, 0.9412, 0.0588, 244, 70, 174, 527, 0.127, 0.2869, 0.2869, 0.1148, 31, 31.1875, 28, 28, 0.4
3,46.88374539875722,10.633918956133343,4.0752347558335815,1.0298189204721224,3.431724103461961,2.899925149622677,5.267854493864499,0.47829728572859076,1.7232677936449268,2.7164769384667666,6.634295667564985,1061, 1060, 1, 0.9991, 0.0009, 89, 70, 19, 2716, 0.0288, 0.7865, 0.7865, 0.0112, 2.5598, 2.5613, 1, 1, 0.0143
