S-WordCount,S-LineCount,S-Density,S-ParaCount,S-FunCalls,S-VarCount,S-RepWords,S-ComPer,S-MaxDepth,S-BlockCount,S-CycCom,T-#T, T-#PT, T-#FT, T-%PT, T-%FT, T-#E, T-#VE, T_#NVE, T-#V, T-Spa, T-Cov, T-CovPT, T-CovFT, T-AvgVE, T-AvgVEPT, T-AvgVEFT, T-#VEP^FT, T-%VEP^FT
39.883292561468885,9.270272756022646,4.050948535198345,1.1057333268428045,2.79872388954608,2.5415037350262137,4.668460472203974,0.44453830715936643,1.6463995981600943,2.4974260908876356,6.01520003900156,9, 8, 1, 0.8889, 0.1111, 248, 95, 153, 567, 0.254, 0.3831, 0.3589, 0.3266, 63, 60.75, 81, 75, 0.7895
