S-WordCount,S-LineCount,S-Density,S-ParaCount,S-FunCalls,S-VarCount,S-RepWords,S-ComPer,S-MaxDepth,S-BlockCount,S-CycCom
39.89901265271302,9.284189847838995,4.046337896500964,1.106496795903653,2.799489367049268,2.5453588365093216,4.658209337846201,0.4457132423795182,1.6473957960732322,2.4991153531459,6.020448364908123
