S-WordCount,S-LineCount,S-Density,S-ParaCount,S-FunCalls,S-VarCount,S-RepWords,S-ComPer,S-MaxDepth,S-BlockCount,S-CycCom
26.361693317261782,6.130756821848673,4.141154445285378,1.2545632964038356,1.8053910152669173,1.4140051614018678,3.480656500636713,0.5726565068822301,1.4332614414886138,1.9447559850546334,3.5481393239632277
