S-WordCount,S-LineCount,S-Density,S-ParaCount,S-FunCalls,S-VarCount,S-RepWords,S-ComPer,S-MaxDepth,S-BlockCount,S-CycCom
17.10858432534868,4.382059951399129,3.873576209077253,1.04232334221622,2.672368289838979,0.5887393526903263,2.8447232926132773,0.49206886477116696,1.3951688941185414,1.706152818526026,1.9446526029777915
