S-WordCount,S-LineCount,S-Density,S-ParaCount,S-FunCalls,S-VarCount,S-RepWords,S-ComPer,S-MaxDepth,S-BlockCount,S-CycCom
18.407795798790783,4.616695500229451,4.100940692666665,0.9737568478466557,2.9558795550912045,0.6646589325068863,3.0155341841632324,0.448893435212767,1.441767897305966,1.7832143212897142,2.15058032780381
