S-WordCount,S-LineCount,S-Density,S-ParaCount,S-FunCalls,S-VarCount,S-RepWords,S-ComPer,S-MaxDepth,S-BlockCount,S-CycCom,T-#T, T-#PT, T-#FT, T-%PT, T-%FT, T-#E, T-#VE, T_#NVE, T-#V, T-Spa, T-Cov, T-CovPT, T-CovFT, T-AvgVE, T-AvgVEPT, T-AvgVEFT, T-#VEP^FT, T-%VEP^FT
38.193319260656175,8.832726010567837,4.022561669637662,1.0596015958432456,2.7810853046874984,2.3850889461150526,4.502459791481411,0.4505422044679615,1.6274719837169798,2.424851969718967,5.5486783740143455,168, 167, 1, 0.994, 0.006, 163, 43, 120, 870, 0.0318, 0.2638, 0.2638, 0.0429, 5.1786, 5.1677, 7, 7, 0.1628
