S-WordCount,S-LineCount,S-Density,S-ParaCount,S-FunCalls,S-VarCount,S-RepWords,S-ComPer,S-MaxDepth,S-BlockCount,S-CycCom
26.33018185048538,6.1046845302494255,4.127413191094242,1.2195930279480713,1.8807634605455295,1.3964984233492892,3.46393238542671,0.571800771030454,1.434288303820604,1.9437420675471058,3.4220316652669736
