S-WordCount,S-LineCount,S-Density,S-ParaCount,S-FunCalls,S-VarCount,S-RepWords,S-ComPer,S-MaxDepth,S-BlockCount,S-CycCom
38.202714781792864,8.843765250856038,4.018458831533115,1.060150304711345,2.7817090161688003,2.3880563489822726,4.493073194148856,0.45158457431927307,1.6282940394394092,2.426141879864578,5.55206631525663
