S-WordCount,S-LineCount,S-Density,S-ParaCount,S-FunCalls,S-VarCount,S-RepWords,S-ComPer,S-MaxDepth,S-BlockCount,S-CycCom
17.563757546568088,4.422068299758343,4.032253153715767,0.949837603547343,2.5771282510995994,0.586586455428352,2.8060572818720435,0.368188933332826,1.399610338383878,1.7305382798087425,1.8385864935092167
