S-WordCount,S-LineCount,S-Density,S-ParaCount,S-FunCalls,S-VarCount,S-RepWords,S-ComPer,S-MaxDepth,S-BlockCount,S-CycCom
17.522656685780646,4.54856386019747,3.8317007186261436,1.0210538700939942,3.0415475237768153,0.5230426872090826,3.0176171607340088,0.40215416206821264,1.360710779596964,1.6623284426938403,1.6807978464727746
