S-WordCount,S-LineCount,S-Density,S-ParaCount,S-FunCalls,S-VarCount,S-RepWords,S-ComPer,S-MaxDepth,S-BlockCount,S-CycCom
18.280346249295167,4.601015677080045,4.075206614634293,0.9703256096455666,2.9677885067464524,0.6569885384965061,3.0088596211959233,0.4520484988701521,1.4425515884293272,1.7779446735478355,2.1130100378741647
