S-WordCount,S-LineCount,S-Density,S-ParaCount,S-FunCalls,S-VarCount,S-RepWords,S-ComPer,S-MaxDepth,S-BlockCount,S-CycCom
17.070150302139773,4.381239346114369,3.86256058775714,1.0395678957813592,2.6906147136069865,0.5846850678645145,2.847976988266465,0.4937291059695339,1.397360506760796,1.7045083965333594,1.9256961618526365
