S-WordCount,S-LineCount,S-Density,S-ParaCount,S-FunCalls,S-VarCount,S-RepWords,S-ComPer,S-MaxDepth,S-BlockCount,S-CycCom,T-#T, T-#PT, T-#FT, T-%PT, T-%FT, T-#E, T-#VE, T_#NVE, T-#V, T-Spa, T-Cov, T-CovPT, T-CovFT, T-AvgVE, T-AvgVEPT, T-AvgVEFT, T-#VEP^FT, T-%VEP^FT
32.880874949039864,7.31060926189451,4.442024875810886,0.8354340052748322,2.7843459250495948,1.6523462108668299,4.696645005048243,0.42005860691107466,1.582303360469722,2.1984345266937115,4.552534607257733,71, 69, 2, 0.9718, 0.0282, 28, 24, 4, 963, 0.4844, 0.8571, 0.8571, 0.5714, 13.5634, 13.4928, 16, 16, 0.6667
