S-WordCount,S-LineCount,S-Density,S-ParaCount,S-FunCalls,S-VarCount,S-RepWords,S-ComPer,S-MaxDepth,S-BlockCount,S-CycCom
26.44527488888629,5.864189017361552,4.278370904272547,0.9704722233973471,2.2151525585899585,1.1674887331733124,4.128954229132889,0.5042051364909256,1.4392139297409177,1.8864231890225986,3.3869252842539894
