S-WordCount,S-LineCount,S-Density,S-ParaCount,S-FunCalls,S-VarCount,S-RepWords,S-ComPer,S-MaxDepth,S-BlockCount,S-CycCom
32.875017752610866,7.320404836888981,4.437867487766729,0.8353961259784406,2.7852147744721707,1.6538358821745966,4.684428746571931,0.42138368915348967,1.583273717546675,2.199407521759496,4.5536715873866696
