S-WordCount,S-LineCount,S-Density,S-ParaCount,S-FunCalls,S-VarCount,S-RepWords,S-ComPer,S-MaxDepth,S-BlockCount,S-CycCom
17.556524841086546,4.419747471775896,4.033075728362236,0.9499643155876464,2.5763748624032266,0.5859004721275008,2.8058473450026655,0.3684279985476691,1.399226567315147,1.7294640148481462,1.8364439415641842
