S-WordCount,S-LineCount,S-Density,S-ParaCount,S-FunCalls,S-VarCount,S-RepWords,S-ComPer,S-MaxDepth,S-BlockCount,S-CycCom
17.5159250171341,4.546471132213999,3.8323353788281977,1.0212490749946788,3.040817935749315,0.5223909713791132,3.0173627642800325,0.4023768414443415,1.3603683241229039,1.6613914982318405,1.6789071230250412
