S-WordCount,S-LineCount,S-Density,S-ParaCount,S-FunCalls,S-VarCount,S-RepWords,S-ComPer,S-MaxDepth,S-BlockCount,S-CycCom,T-#T, T-#PT, T-#FT, T-%PT, T-%FT, T-#E, T-#VE, T_#NVE, T-#V, T-Spa, T-Cov, T-CovPT, T-CovFT, T-AvgVE, T-AvgVEPT, T-AvgVEFT, T-#VEP^FT, T-%VEP^FT
32.43038644911293,7.440906600123508,4.176657220648894,1.2244179602505352,2.2967479010403005,1.7280253298784656,4.008141977924264,0.586936167859632,1.5055601815383026,2.1641768398782726,4.220755387488323,17, 16, 1, 0.9412, 0.0588, 244, 70, 174, 527, 0.127, 0.2869, 0.2869, 0.1148, 31, 31.1875, 28, 28, 0.4
