S-WordCount,S-LineCount,S-Density,S-ParaCount,S-FunCalls,S-VarCount,S-RepWords,S-ComPer,S-MaxDepth,S-BlockCount,S-CycCom
32.43038644911293,7.440906600123508,4.176657220648894,1.2244179602505352,2.2967479010403005,1.7280253298784656,4.008141977924264,0.586936167859632,1.5055601815383026,2.1641768398782726,4.220755387488323
