S-WordCount,S-LineCount,S-Density,S-ParaCount,S-FunCalls,S-VarCount,S-RepWords,S-ComPer,S-MaxDepth,S-BlockCount,S-CycCom
46.934028608115995,10.661604148143432,4.067948787676672,1.0268241173649624,3.4314036392231393,2.9106452525231026,5.261212064503562,0.4784815309437876,1.7215548859326206,2.7214429945447542,6.620510960256148
