S-WordCount,S-LineCount,S-Density,S-ParaCount,S-FunCalls,S-VarCount,S-RepWords,S-ComPer,S-MaxDepth,S-BlockCount,S-CycCom,T-#T, T-#PT, T-#FT, T-%PT, T-%FT, T-#E, T-#VE, T_#NVE, T-#V, T-Spa, T-Cov, T-CovPT, T-CovFT, T-AvgVE, T-AvgVEPT, T-AvgVEFT, T-#VEP^FT, T-%VEP^FT
27.161294350999913,6.059792669728335,4.336412237735195,1.0548191919061474,2.26894493194697,1.2875214729512334,4.036767031087221,0.4713517879863788,1.458925289595462,1.9204693445590453,3.4365762464944156,198, 197, 1, 0.9949, 0.0051, 43, 38, 5, 342, 0.0402, 0.8837, 0.8837, 0.1163, 1.7273, 1.7107, 5, 5, 0.1316
