S-WordCount,S-LineCount,S-Density,S-ParaCount,S-FunCalls,S-VarCount,S-RepWords,S-ComPer,S-MaxDepth,S-BlockCount,S-CycCom,T-#T, T-#PT, T-#FT, T-%PT, T-%FT, T-#E, T-#VE, T_#NVE, T-#V, T-Spa, T-Cov, T-CovPT, T-CovFT, T-AvgVE, T-AvgVEPT, T-AvgVEFT, T-#VEP^FT, T-%VEP^FT
35.024377034121166,7.727147280377197,4.456436746477643,0.9469877402692192,2.904125849623828,1.8521652427083712,4.805798997247644,0.36328521279022635,1.615390813135978,2.266171066047199,4.848435860623919,198, 197, 1, 0.9949, 0.0051, 43, 38, 5, 342, 0.0402, 0.8837, 0.8837, 0.1163, 1.7273, 1.7107, 5, 5, 0.1316
