S-WordCount,S-LineCount,S-Density,S-ParaCount,S-FunCalls,S-VarCount,S-RepWords,S-ComPer,S-MaxDepth,S-BlockCount,S-CycCom
27.161294350999913,6.059792669728335,4.336412237735195,1.0548191919061474,2.26894493194697,1.2875214729512334,4.036767031087221,0.4713517879863788,1.458925289595462,1.9204693445590453,3.4365762464944156
