S-WordCount,S-LineCount,S-Density,S-ParaCount,S-FunCalls,S-VarCount,S-RepWords,S-ComPer,S-MaxDepth,S-BlockCount,S-CycCom
35.02597019968062,7.73760198772774,4.452626487638857,0.9473183432007466,2.905324749004688,1.854202606681943,4.79482179345552,0.3643285730541038,1.6163996606948114,2.2672959648766122,4.850460997115244
