S-WordCount,S-LineCount,S-Density,S-ParaCount,S-FunCalls,S-VarCount,S-RepWords,S-ComPer,S-MaxDepth,S-BlockCount,S-CycCom,T-#T, T-#PT, T-#FT, T-%PT, T-%FT, T-#E, T-#VE, T_#NVE, T-#V, T-Spa, T-Cov, T-CovPT, T-CovFT, T-AvgVE, T-AvgVEPT, T-AvgVEFT, T-#VEP^FT, T-%VEP^FT
30.836387633717617,6.982114962811948,4.197586249695907,1.237670721533144,2.1421496906796187,1.6203281091266,3.9059659202434727,0.584867831475395,1.4793021321037318,2.0768523177501104,4.0959729966310965,25, 24, 1, 0.96, 0.04, 989, 199, 790, 3075, 0.1244, 0.2012, 0.1992, 0.1658, 123, 121.2917, 164, 162, 0.8141
