S-WordCount,S-LineCount,S-Density,S-ParaCount,S-FunCalls,S-VarCount,S-RepWords,S-ComPer,S-MaxDepth,S-BlockCount,S-CycCom,T-#T, T-#PT, T-#FT, T-%PT, T-%FT, T-#E, T-#VE, T_#NVE, T-#V, T-Spa, T-Cov, T-CovPT, T-CovFT, T-AvgVE, T-AvgVEPT, T-AvgVEFT, T-#VEP^FT, T-%VEP^FT
45.00631725679984,10.111286573127948,4.063223431522486,1.0527304502575001,3.2422573988963808,2.7664164877165627,5.155717816375684,0.46968019825717505,1.6946802982867204,2.598713827150399,6.52434013580258,25, 24, 1, 0.96, 0.04, 989, 199, 790, 3075, 0.1244, 0.2012, 0.1992, 0.1658, 123, 121.2917, 164, 162, 0.8141
