S-WordCount,S-LineCount,S-Density,S-ParaCount,S-FunCalls,S-VarCount,S-RepWords,S-ComPer,S-MaxDepth,S-BlockCount,S-CycCom
30.836387633717617,6.982114962811948,4.197586249695907,1.237670721533144,2.1421496906796187,1.6203281091266,3.9059659202434727,0.584867831475395,1.4793021321037318,2.0768523177501104,4.0959729966310965
