S-WordCount,S-LineCount,S-Density,S-ParaCount,S-FunCalls,S-VarCount,S-RepWords,S-ComPer,S-MaxDepth,S-BlockCount,S-CycCom,T-#T, T-#PT, T-#FT, T-%PT, T-%FT, T-#E, T-#VE, T_#NVE, T-#V, T-Spa, T-Cov, T-CovPT, T-CovFT, T-AvgVE, T-AvgVEPT, T-AvgVEFT, T-#VEP^FT, T-%VEP^FT
36.63103264014286,8.214353599903257,4.282973823910824,1.0051687123007116,3.062288658000114,2.0674324035537204,4.707762966229246,0.37479468264627513,1.6675838012304345,2.361124420722498,4.918149275278814,37, 36, 1, 0.973, 0.027, 639, 133, 506, 1892, 0.08, 0.2081, 0.2081, 0.0892, 51.1351, 50.9722, 57, 57, 0.4286
