S-WordCount,S-LineCount,S-Density,S-ParaCount,S-FunCalls,S-VarCount,S-RepWords,S-ComPer,S-MaxDepth,S-BlockCount,S-CycCom
27.767462013907867,6.274572320407894,4.221263110050599,1.0939975723667419,2.3093802930607263,1.39624609186697,3.978154836821528,0.48613792919442894,1.488213766674964,1.9696163193180247,3.4588564488887483
