S-WordCount,S-LineCount,S-Density,S-ParaCount,S-FunCalls,S-VarCount,S-RepWords,S-ComPer,S-MaxDepth,S-BlockCount,S-CycCom
36.63675004752448,8.22439702083615,4.279324665800448,1.0056031791481064,3.0637198796381924,2.0697183685066833,4.6983474383942205,0.37569559617179027,1.6685671113220641,2.3623212718089563,4.920027362832117
