S-WordCount,S-LineCount,S-Density,S-ParaCount,S-FunCalls,S-VarCount,S-RepWords,S-ComPer,S-MaxDepth,S-BlockCount,S-CycCom,T-#T, T-#PT, T-#FT, T-%PT, T-%FT, T-#E, T-#VE, T_#NVE, T-#V, T-Spa, T-Cov, T-CovPT, T-CovFT, T-AvgVE, T-AvgVEPT, T-AvgVEFT, T-#VEP^FT, T-%VEP^FT
46.17875539901,10.544458254292314,3.994492130987929,1.0197130487378783,3.354649301688306,2.880520596903012,5.177615905310685,0.4803207558640658,1.7162989885478954,2.7222498535870443,6.589282477384561,657, 654, 3, 0.9954, 0.0046, 323, 205, 118, 10209, 0.0481, 0.6347, 0.6347, 0.1517, 15.5388, 15.4373, 37.6667, 49, 0.239
