S-WordCount,S-LineCount,S-Density,S-ParaCount,S-FunCalls,S-VarCount,S-RepWords,S-ComPer,S-MaxDepth,S-BlockCount,S-CycCom
30.999213297330982,7.141266980682113,4.128423744176767,1.2264827337047237,2.1863521231076013,1.641143082329313,3.8818731306604946,0.5907442690594937,1.488236007504676,2.122739611662254,4.07859258358413
