S-WordCount,S-LineCount,S-Density,S-ParaCount,S-FunCalls,S-VarCount,S-RepWords,S-ComPer,S-MaxDepth,S-BlockCount,S-CycCom
46.17875539901,10.544458254292314,3.994492130987929,1.0197130487378783,3.354649301688306,2.880520596903012,5.177615905310685,0.4803207558640658,1.7162989885478954,2.7222498535870443,6.589282477384561
