S-WordCount,S-LineCount,S-Density,S-ParaCount,S-FunCalls,S-VarCount,S-RepWords,S-ComPer,S-MaxDepth,S-BlockCount,S-CycCom,T-#T, T-#PT, T-#FT, T-%PT, T-%FT, T-#E, T-#VE, T_#NVE, T-#V, T-Spa, T-Cov, T-CovPT, T-CovFT, T-AvgVE, T-AvgVEPT, T-AvgVEFT, T-#VEP^FT, T-%VEP^FT
29.67630267362999,7.25915607084193,3.922153886660144,1.0158772510992904,2.220738694541325,1.3226255515926564,3.872832157182485,0.5355095193578925,1.614351663748044,2.2692842743270356,4.426312143509512,17, 16, 1, 0.9412, 0.0588, 41, 21, 20, 229, 0.3286, 0.5122, 0.5122, 0.3902, 13.4706, 13.3125, 16, 16, 0.7619
