S-WordCount,S-LineCount,S-Density,S-ParaCount,S-FunCalls,S-VarCount,S-RepWords,S-ComPer,S-MaxDepth,S-BlockCount,S-CycCom
24.618613121258583,5.98336330631568,3.663539054107833,0.9653185974700095,1.7439156382548995,1.027668165443728,3.425123339868698,0.5927747230283229,1.4799967118546964,1.9831115210299155,3.5002898852477733
