S-WordCount,S-LineCount,S-Density,S-ParaCount,S-FunCalls,S-VarCount,S-RepWords,S-ComPer,S-MaxDepth,S-BlockCount,S-CycCom
29.67630267362999,7.25915607084193,3.922153886660144,1.0158772510992904,2.220738694541325,1.3226255515926564,3.872832157182485,0.5355095193578925,1.614351663748044,2.2692842743270356,4.426312143509512
