S-WordCount,S-LineCount,S-Density,S-ParaCount,S-FunCalls,S-VarCount,S-RepWords,S-ComPer,S-MaxDepth,S-BlockCount,S-CycCom
17.14968050495272,4.390193482823263,3.8775873601998025,1.0433455113907135,2.690214246675081,0.5890245870407423,2.8531343709299084,0.4934777810542144,1.3961424606037465,1.7075905466421386,1.9466742523931704
