S-WordCount,S-LineCount,S-Density,S-ParaCount,S-FunCalls,S-VarCount,S-RepWords,S-ComPer,S-MaxDepth,S-BlockCount,S-CycCom
18.452647504239202,4.625163429059224,4.105828492751319,0.9747967452968143,2.9746824175716955,0.6650772150738149,3.024414749814366,0.45033873825402065,1.4426780764919929,1.7846609018624513,2.1530782637946713
