S-WordCount,S-LineCount,S-Density,S-ParaCount,S-FunCalls,S-VarCount,S-RepWords,S-ComPer,S-MaxDepth,S-BlockCount,S-CycCom,T-#T, T-#PT, T-#FT, T-%PT, T-%FT, T-#E, T-#VE, T_#NVE, T-#V, T-Spa, T-Cov, T-CovPT, T-CovFT, T-AvgVE, T-AvgVEPT, T-AvgVEFT, T-#VEP^FT, T-%VEP^FT
41.998964087462035,9.744984721408326,3.9771055282846537,1.0236593946426271,3.051329834447834,2.5856868570763267,4.899418242343127,0.4588874836182958,1.6809084375080898,2.5803875807687406,6.406619427970427,13, 9, 4, 0.6923, 0.3077, 67, 22, 45, 104, 0.1194, 0.3284, 0.3284, 0.0597, 8, 10.6667, 2, 4, 0.1818
