S-WordCount,S-LineCount,S-Density,S-ParaCount,S-FunCalls,S-VarCount,S-RepWords,S-ComPer,S-MaxDepth,S-BlockCount,S-CycCom,T-#T, T-#PT, T-#FT, T-%PT, T-%FT, T-#E, T-#VE, T_#NVE, T-#V, T-Spa, T-Cov, T-CovPT, T-CovFT, T-AvgVE, T-AvgVEPT, T-AvgVEFT, T-#VEP^FT, T-%VEP^FT
28.780751131481114,6.710332113556053,4.1256787532069765,1.2121420837586738,2.0103728359735493,1.4918930324855362,3.7492796763435887,0.5754865788253893,1.4692929583884178,2.0480799523649242,3.949946933125147,13, 9, 4, 0.6923, 0.3077, 67, 22, 45, 104, 0.1194, 0.3284, 0.3284, 0.0597, 8, 10.6667, 2, 4, 0.1818
