S-WordCount,S-LineCount,S-Density,S-ParaCount,S-FunCalls,S-VarCount,S-RepWords,S-ComPer,S-MaxDepth,S-BlockCount,S-CycCom
28.780751131481114,6.710332113556053,4.1256787532069765,1.2121420837586738,2.0103728359735493,1.4918930324855362,3.7492796763435887,0.5754865788253893,1.4692929583884178,2.0480799523649242,3.949946933125147
