S-WordCount,S-LineCount,S-Density,S-ParaCount,S-FunCalls,S-VarCount,S-RepWords,S-ComPer,S-MaxDepth,S-BlockCount,S-CycCom,T-#T, T-#PT, T-#FT, T-%PT, T-%FT, T-#E, T-#VE, T_#NVE, T-#V, T-Spa, T-Cov, T-CovPT, T-CovFT, T-AvgVE, T-AvgVEPT, T-AvgVEFT, T-#VEP^FT, T-%VEP^FT
30.99575358671396,7.140359371908494,4.128241735538447,1.2263731672373217,2.1860439425165654,1.6408631898080432,3.881383268945331,0.5907940525059222,1.488050142933611,2.122470675787724,4.078290777769375,89, 88, 1, 0.9888, 0.0112, 1153, 299, 854, 12898, 0.1257, 0.2593, 0.2593, 0.052, 144.9213, 145.8864, 60, 60, 0.2007
