S-WordCount,S-LineCount,S-Density,S-ParaCount,S-FunCalls,S-VarCount,S-RepWords,S-ComPer,S-MaxDepth,S-BlockCount,S-CycCom
30.99575358671396,7.140359371908494,4.128241735538447,1.2263731672373217,2.1860439425165654,1.6408631898080432,3.881383268945331,0.5907940525059222,1.488050142933611,2.122470675787724,4.078290777769375
