S-WordCount,S-LineCount,S-Density,S-ParaCount,S-FunCalls,S-VarCount,S-RepWords,S-ComPer,S-MaxDepth,S-BlockCount,S-CycCom
46.17538353003125,10.543591202269184,3.9945403005447737,1.0197130487378776,3.3542639452335856,2.88023157956197,5.177134209742284,0.48032952485793495,1.716106310320535,2.721960836246008,6.5889934600435165
