S-WordCount,S-LineCount,S-Density,S-ParaCount,S-FunCalls,S-VarCount,S-RepWords,S-ComPer,S-MaxDepth,S-BlockCount,S-CycCom,T-#T, T-#PT, T-#FT, T-%PT, T-%FT, T-#E, T-#VE, T_#NVE, T-#V, T-Spa, T-Cov, T-CovPT, T-CovFT, T-AvgVE, T-AvgVEPT, T-AvgVEFT, T-#VEP^FT, T-%VEP^FT
42.444216715714234,9.829166796191455,3.985120896175091,1.0269073552650143,3.072392893130346,2.6098931258558653,4.960190803097076,0.4596348106306012,1.688793466066457,2.6003247722695524,6.51371123575328,312, 310, 2, 0.9936, 0.0064, 395, 167, 228, 5386, 0.0437, 0.4228, 0.4076, 0.2354, 17.2628, 16.9968, 58.5, 87, 0.521
