S-WordCount,S-LineCount,S-Density,S-ParaCount,S-FunCalls,S-VarCount,S-RepWords,S-ComPer,S-MaxDepth,S-BlockCount,S-CycCom
29.173691379583143,6.790547482154671,4.124000420362934,1.2104779695894636,2.028667461981424,1.5114641229610049,3.8026831488454502,0.5755563255957002,1.4767282342102277,2.0664055817161455,4.042771700636247
