S-WordCount,S-LineCount,S-Density,S-ParaCount,S-FunCalls,S-VarCount,S-RepWords,S-ComPer,S-MaxDepth,S-BlockCount,S-CycCom
42.444216715714234,9.829166796191455,3.985120896175091,1.0269073552650143,3.072392893130346,2.6098931258558653,4.960190803097076,0.4596348106306012,1.688793466066457,2.6003247722695524,6.51371123575328
