Version,S-WordCount,S-LineCount,S-Density,S-ParaCount,S-FunCalls,S-VarCount,S-RepWords,S-ComPer,S-MaxDepth,S-BlockCount,S-CycCom,T-#T, T-#PT, T-#FT, T-%PT, T-%FT, T-#E, T-#VE, T_#NVE, T-#V, T-Spa, T-Cov, T-CovPT, T-CovFT, T-AvgVE, T-AvgVEPT, T-AvgVEFT, T-#VEP^FT, T-%VEP^FT
1,18.441537051127646,4.625984077308764,4.092470688568694,0.9706966426197834,2.9562100462993093,0.66332899591804,3.020643311821499,0.44862277219514113,1.4443206882876787,1.7865254031777138,2.1565590495886897,3824, 3823, 1, 0.9997, 0.0003, 1076, 921, 155, 228952, 0.0556, 0.8559, 0.8559, 0.0502, 59.8724, 59.8739, 54, 54, 0.0586
2,18.438935640192895,4.624423230747918,4.092581181951409,0.9706966426197835,2.9556897641123596,0.6633289959180398,3.02033466984619,0.4486956770434658,1.4440120463123705,1.7860051209907657,2.1558271271901006,3862, 3861, 1, 0.9997, 0.0003, 1694, 1451, 243, 265196, 0.0405, 0.8566, 0.8566, 0.0266, 68.668, 68.6742, 45, 45, 0.031
3,18.43646650439043,4.622777140212936,4.09488570870038,0.9706966426197832,2.955689764112361,0.6633289959180401,3.01959392910545,0.4487224999833834,1.443271305571629,1.7851820757232753,2.1541810366551206,1308, 1303, 5, 0.9962, 0.0038, 1558, 1121, 437, 112474, 0.0552, 0.7195, 0.7195, 0.1694, 85.9893, 85.7214, 155.8, 264, 0.2355
