S-WordCount,S-LineCount,S-Density,S-ParaCount,S-FunCalls,S-VarCount,S-RepWords,S-ComPer,S-MaxDepth,S-BlockCount,S-CycCom,T-#T, T-#PT, T-#FT, T-%PT, T-%FT, T-#E, T-#VE, T_#NVE, T-#V, T-Spa, T-Cov, T-CovPT, T-CovFT, T-AvgVE, T-AvgVEPT, T-AvgVEFT, T-#VEP^FT, T-%VEP^FT
36.410785050877735,8.161193717609077,4.279340184097024,1.0012042131214078,3.0518028567783544,2.0453379733422836,4.685552596752991,0.3752269810416648,1.66055408969388,2.344683258251267,4.862041681673718,15, 14, 1, 0.9333, 0.0667, 474, 86, 388, 1017, 0.143, 0.1814, 0.1814, 0.135, 67.8, 68.0714, 64, 64, 0.7442
