S-WordCount,S-LineCount,S-Density,S-ParaCount,S-FunCalls,S-VarCount,S-RepWords,S-ComPer,S-MaxDepth,S-BlockCount,S-CycCom,T-#T, T-#PT, T-#FT, T-%PT, T-%FT, T-#E, T-#VE, T_#NVE, T-#V, T-Spa, T-Cov, T-CovPT, T-CovFT, T-AvgVE, T-AvgVEPT, T-AvgVEFT, T-#VEP^FT, T-%VEP^FT
27.60215387088124,6.2450279300634595,4.172380508666282,1.0893765575054368,2.3021292648358194,1.3862727630967286,3.9372974300064434,0.4864740397281761,1.4855956328633544,1.9599125029602555,3.426497445473194,15, 14, 1, 0.9333, 0.0667, 474, 86, 388, 1017, 0.143, 0.1814, 0.1814, 0.135, 67.8, 68.0714, 64, 64, 0.7442
