S-WordCount,S-LineCount,S-Density,S-ParaCount,S-FunCalls,S-VarCount,S-RepWords,S-ComPer,S-MaxDepth,S-BlockCount,S-CycCom
27.60215387088124,6.2450279300634595,4.172380508666282,1.0893765575054368,2.3021292648358194,1.3862727630967286,3.9372974300064434,0.4864740397281761,1.4855956328633544,1.9599125029602555,3.426497445473194
