S-WordCount,S-LineCount,S-Density,S-ParaCount,S-FunCalls,S-VarCount,S-RepWords,S-ComPer,S-MaxDepth,S-BlockCount,S-CycCom
36.41595721527665,8.171201265065285,4.275640666118544,1.0016325290522596,3.05322092671846,2.0475881632388937,4.67597167532456,0.37613904360722816,1.6615288459977517,2.34584791663573,4.863785528223186
