S-WordCount,S-LineCount,S-Density,S-ParaCount,S-FunCalls,S-VarCount,S-RepWords,S-ComPer,S-MaxDepth,S-BlockCount,S-CycCom,T-#T, T-#PT, T-#FT, T-%PT, T-%FT, T-#E, T-#VE, T_#NVE, T-#V, T-Spa, T-Cov, T-CovPT, T-CovFT, T-AvgVE, T-AvgVEPT, T-AvgVEFT, T-#VEP^FT, T-%VEP^FT
41.49716569920415,9.585251049248892,4.047716990050997,1.07236607020602,3.0350371887646177,2.5617383944812606,4.74220666463621,0.44696879742504353,1.6520075110578312,2.558456090124048,6.0529125480699015,191, 189, 2, 0.9895, 0.0105, 257, 80, 177, 1565, 0.0319, 0.3113, 0.3074, 0.0778, 8.1937, 8.1587, 11.5, 19, 0.2375
