S-WordCount,S-LineCount,S-Density,S-ParaCount,S-FunCalls,S-VarCount,S-RepWords,S-ComPer,S-MaxDepth,S-BlockCount,S-CycCom,T-#T, T-#PT, T-#FT, T-%PT, T-%FT, T-#E, T-#VE, T_#NVE, T-#V, T-Spa, T-Cov, T-CovPT, T-CovFT, T-AvgVE, T-AvgVEPT, T-AvgVEFT, T-#VEP^FT, T-%VEP^FT
27.985543920078044,6.471519367574005,4.191960379948191,1.239526406420523,1.9983834437089385,1.4542126116232732,3.59074301639874,0.5690351175553179,1.4400593003181847,2.015527573489443,3.672100248610062,191, 189, 2, 0.9895, 0.0105, 257, 80, 177, 1565, 0.0319, 0.3113, 0.3074, 0.0778, 8.1937, 8.1587, 11.5, 19, 0.2375
