S-WordCount,S-LineCount,S-Density,S-ParaCount,S-FunCalls,S-VarCount,S-RepWords,S-ComPer,S-MaxDepth,S-BlockCount,S-CycCom
27.985543920078044,6.471519367574005,4.191960379948191,1.239526406420523,1.9983834437089385,1.4542126116232732,3.59074301639874,0.5690351175553179,1.4400593003181847,2.015527573489443,3.672100248610062
