S-WordCount,S-LineCount,S-Density,S-ParaCount,S-FunCalls,S-VarCount,S-RepWords,S-ComPer,S-MaxDepth,S-BlockCount,S-CycCom
41.51487232556738,9.598092752838701,4.043719919561793,1.0729416738295623,3.0363007400376483,2.5651250844652593,4.733525648124227,0.44799146527521505,1.6528836311681727,2.5600728310071115,6.057549045060487
