S-WordCount,S-LineCount,S-Density,S-ParaCount,S-FunCalls,S-VarCount,S-RepWords,S-ComPer,S-MaxDepth,S-BlockCount,S-CycCom,T-#T, T-#PT, T-#FT, T-%PT, T-%FT, T-#E, T-#VE, T_#NVE, T-#V, T-Spa, T-Cov, T-CovPT, T-CovFT, T-AvgVE, T-AvgVEPT, T-AvgVEFT, T-#VEP^FT, T-%VEP^FT
42.161484965804476,9.759812782009426,4.023410072528305,1.0444235315976353,3.033021625573278,2.5937750204830716,4.942471060114087,0.44483812066281964,1.690544972902506,2.590007471366851,6.370288699537962,90, 89, 1, 0.9889, 0.0111, 213, 88, 125, 2180, 0.1137, 0.4131, 0.4038, 0.1925, 24.2222, 24.0337, 41, 39, 0.4432
