S-WordCount,S-LineCount,S-Density,S-ParaCount,S-FunCalls,S-VarCount,S-RepWords,S-ComPer,S-MaxDepth,S-BlockCount,S-CycCom,T-#T, T-#PT, T-#FT, T-%PT, T-%FT, T-#E, T-#VE, T_#NVE, T-#V, T-Spa, T-Cov, T-CovPT, T-CovFT, T-AvgVE, T-AvgVEPT, T-AvgVEFT, T-#VEP^FT, T-%VEP^FT
28.812364062562004,6.70593619817426,4.146155748050008,1.2222981898450365,2.0060255238939977,1.4930090307506212,3.754738250593235,0.5651155381965369,1.4728325939942224,2.050841286243653,3.8991222708030477,90, 89, 1, 0.9889, 0.0111, 213, 88, 125, 2180, 0.1137, 0.4131, 0.4038, 0.1925, 24.2222, 24.0337, 41, 39, 0.4432
