S-WordCount,S-LineCount,S-Density,S-ParaCount,S-FunCalls,S-VarCount,S-RepWords,S-ComPer,S-MaxDepth,S-BlockCount,S-CycCom
28.812364062562004,6.70593619817426,4.146155748050008,1.2222981898450365,2.0060255238939977,1.4930090307506212,3.754738250593235,0.5651155381965369,1.4728325939942224,2.050841286243653,3.8991222708030477
