S-WordCount,S-LineCount,S-Density,S-ParaCount,S-FunCalls,S-VarCount,S-RepWords,S-ComPer,S-MaxDepth,S-BlockCount,S-CycCom
42.17989806587046,9.772424741534886,4.019557039630291,1.0449024438813181,3.0342162151556744,2.59706730499929,4.934714115443241,0.44580376749459516,1.6914697377943186,2.591618414720214,6.375456620960101
