S-WordCount,S-LineCount,S-Density,S-ParaCount,S-FunCalls,S-VarCount,S-RepWords,S-ComPer,S-MaxDepth,S-BlockCount,S-CycCom,T-#T, T-#PT, T-#FT, T-%PT, T-%FT, T-#E, T-#VE, T_#NVE, T-#V, T-Spa, T-Cov, T-CovPT, T-CovFT, T-AvgVE, T-AvgVEPT, T-AvgVEFT, T-#VEP^FT, T-%VEP^FT
46.68333037361171,10.614732424625567,4.069132612959947,1.0287547271244861,3.4126549866620945,2.893212709450708,5.24275684896788,0.4776490923577028,1.720969526304502,2.7150290227102847,6.58524113761852,306, 304, 2, 0.9935, 0.0065, 243, 133, 110, 3356, 0.0451, 0.5473, 0.535, 0.0782, 10.9673, 10.9441, 14.5, 16, 0.1203
