S-WordCount,S-LineCount,S-Density,S-ParaCount,S-FunCalls,S-VarCount,S-RepWords,S-ComPer,S-MaxDepth,S-BlockCount,S-CycCom
46.68333037361171,10.614732424625567,4.069132612959947,1.0287547271244861,3.4126549866620945,2.893212709450708,5.24275684896788,0.4776490923577028,1.720969526304502,2.7150290227102847,6.58524113761852
