S-WordCount,S-LineCount,S-Density,S-ParaCount,S-FunCalls,S-VarCount,S-RepWords,S-ComPer,S-MaxDepth,S-BlockCount,S-CycCom
32.25531384711846,7.409222704589172,4.174786707806372,1.224864223498845,2.2849922204018416,1.7168356610159312,3.9976884744129175,0.5856820037765539,1.50593770650924,2.1595870126060954,4.19955964553881
