S-WordCount,S-LineCount,S-Density,S-ParaCount,S-FunCalls,S-VarCount,S-RepWords,S-ComPer,S-MaxDepth,S-BlockCount,S-CycCom
17.143485096450014,4.388005945644181,3.878053523926983,1.0432258053886543,2.688552788452432,0.5883515716714236,2.8524882221848555,0.4934968746501871,1.3959934257296351,1.7071839087546576,1.9476350546316086
