S-WordCount,S-LineCount,S-Density,S-ParaCount,S-FunCalls,S-VarCount,S-RepWords,S-ComPer,S-MaxDepth,S-BlockCount,S-CycCom
18.443234105081185,4.622205918408694,4.10604964493297,0.9745889640519957,2.9725659379268405,0.664180794287602,3.023442503738157,0.4503400508277854,1.4424763693537954,1.7840319189160432,2.1534887909630633
