S-WordCount,S-LineCount,S-Density,S-ParaCount,S-FunCalls,S-VarCount,S-RepWords,S-ComPer,S-MaxDepth,S-BlockCount,S-CycCom,T-#T, T-#PT, T-#FT, T-%PT, T-%FT, T-#E, T-#VE, T_#NVE, T-#V, T-Spa, T-Cov, T-CovPT, T-CovFT, T-AvgVE, T-AvgVEPT, T-AvgVEFT, T-#VEP^FT, T-%VEP^FT
45.96038205690517,10.417085945780377,4.062832809921524,1.016969969220798,3.4275393287575233,2.836730469503128,5.180801341231373,0.48028506859770204,1.7150544953780702,2.7002555829646337,6.538488502342358,23, 22, 1, 0.9565, 0.0435, 225, 51, 174, 435, 0.0841, 0.2267, 0.2178, 0.0978, 18.913, 18.7727, 22, 20, 0.3922
