S-WordCount,S-LineCount,S-Density,S-ParaCount,S-FunCalls,S-VarCount,S-RepWords,S-ComPer,S-MaxDepth,S-BlockCount,S-CycCom,T-#T, T-#PT, T-#FT, T-%PT, T-%FT, T-#E, T-#VE, T_#NVE, T-#V, T-Spa, T-Cov, T-CovPT, T-CovFT, T-AvgVE, T-AvgVEPT, T-AvgVEFT, T-#VEP^FT, T-%VEP^FT
31.208561454898124,7.128032164416501,4.184466755565236,1.225277787930347,2.2707558454734103,1.641940993819249,3.9119143553751887,0.5893424212804623,1.491734087953957,2.119443682309677,4.078184072197804,23, 22, 1, 0.9565, 0.0435, 225, 51, 174, 435, 0.0841, 0.2267, 0.2178, 0.0978, 18.913, 18.7727, 22, 20, 0.3922
