S-WordCount,S-LineCount,S-Density,S-ParaCount,S-FunCalls,S-VarCount,S-RepWords,S-ComPer,S-MaxDepth,S-BlockCount,S-CycCom
31.208561454898124,7.128032164416501,4.184466755565236,1.225277787930347,2.2707558454734103,1.641940993819249,3.9119143553751887,0.5893424212804623,1.491734087953957,2.119443682309677,4.078184072197804
