S-WordCount,S-LineCount,S-Density,S-ParaCount,S-FunCalls,S-VarCount,S-RepWords,S-ComPer,S-MaxDepth,S-BlockCount,S-CycCom
45.96038205690517,10.417085945780377,4.062832809921524,1.016969969220798,3.4275393287575233,2.836730469503128,5.180801341231373,0.48028506859770204,1.7150544953780702,2.7002555829646337,6.538488502342358
