S-WordCount,S-LineCount,S-Density,S-ParaCount,S-FunCalls,S-VarCount,S-RepWords,S-ComPer,S-MaxDepth,S-BlockCount,S-CycCom,T-#T, T-#PT, T-#FT, T-%PT, T-%FT, T-#E, T-#VE, T_#NVE, T-#V, T-Spa, T-Cov, T-CovPT, T-CovFT, T-AvgVE, T-AvgVEPT, T-AvgVEFT, T-#VEP^FT, T-%VEP^FT
36.082584866927114,8.00013707053817,4.469634184091828,0.8941339519477499,2.9830119603031444,1.882856591676517,4.903781565152789,0.37118878658828236,1.6279995620594971,2.3116955702898143,5.0296149352967925,149, 148, 1, 0.9933, 0.0067, 29, 29, 0, 828, 0.1916, 1, 1, 0.2414, 5.557, 5.5473, 7, 7, 0.2414
