S-WordCount,S-LineCount,S-Density,S-ParaCount,S-FunCalls,S-VarCount,S-RepWords,S-ComPer,S-MaxDepth,S-BlockCount,S-CycCom
36.0879278542228,8.012115186566124,4.465658642540905,0.8942999730750654,2.984550197056925,1.8851129493267176,4.892535666922016,0.37231725874842314,1.629107891659388,2.313040271491249,5.032379107284781
