S-WordCount,S-LineCount,S-Density,S-ParaCount,S-FunCalls,S-VarCount,S-RepWords,S-ComPer,S-MaxDepth,S-BlockCount,S-CycCom
27.9256759745714,6.204442259963542,4.35003598443936,1.0110399874382092,2.34688493881424,1.2898256498760439,4.188720368387248,0.4725040933631569,1.4658270314134787,1.948531664232712,3.5873578239713617
