S-WordCount,S-LineCount,S-Density,S-ParaCount,S-FunCalls,S-VarCount,S-RepWords,S-ComPer,S-MaxDepth,S-BlockCount,S-CycCom,T-#T, T-#PT, T-#FT, T-%PT, T-%FT, T-#E, T-#VE, T_#NVE, T-#V, T-Spa, T-Cov, T-CovPT, T-CovFT, T-AvgVE, T-AvgVEPT, T-AvgVEFT, T-#VEP^FT, T-%VEP^FT
27.98460479732913,6.47135364003008,4.19193327284953,1.2395264064205256,1.9984939287382175,1.4542126116232732,3.5906877738841008,0.5690380795711167,1.4400593003181843,2.015527573489442,3.672100248610063,191, 189, 2, 0.9895, 0.0105, 257, 80, 177, 1570, 0.032, 0.3113, 0.3074, 0.0778, 8.2199, 8.1693, 13, 19, 0.2375
