S-WordCount,S-LineCount,S-Density,S-ParaCount,S-FunCalls,S-VarCount,S-RepWords,S-ComPer,S-MaxDepth,S-BlockCount,S-CycCom,T-#T, T-#PT, T-#FT, T-%PT, T-%FT, T-#E, T-#VE, T_#NVE, T-#V, T-Spa, T-Cov, T-CovPT, T-CovFT, T-AvgVE, T-AvgVEPT, T-AvgVEFT, T-#VEP^FT, T-%VEP^FT
41.496404277884345,9.585124145695598,4.047682682138563,1.0723660702060205,3.0351640923179173,2.561738394481259,4.74220666463621,0.4469698308520745,1.6520075110578332,2.5584560901240447,6.05310290339985,191, 189, 2, 0.9895, 0.0105, 257, 80, 177, 1570, 0.032, 0.3113, 0.3074, 0.0778, 8.2199, 8.1693, 13, 19, 0.2375
