S-WordCount,S-LineCount,S-Density,S-ParaCount,S-FunCalls,S-VarCount,S-RepWords,S-ComPer,S-MaxDepth,S-BlockCount,S-CycCom
27.98460479732913,6.47135364003008,4.19193327284953,1.2395264064205256,1.9984939287382175,1.4542126116232732,3.5906877738841008,0.5690380795711167,1.4400593003181843,2.015527573489442,3.672100248610063
