S-WordCount,S-LineCount,S-Density,S-ParaCount,S-FunCalls,S-VarCount,S-RepWords,S-ComPer,S-MaxDepth,S-BlockCount,S-CycCom
41.514108966788775,9.597965526375594,4.043685524351872,1.0729416738295627,3.0364279665007556,2.5651250844652576,4.733525648124229,0.44799250133183094,1.6528836311681734,2.5600728310071124,6.057739884755142
