S-WordCount,S-LineCount,S-Density,S-ParaCount,S-FunCalls,S-VarCount,S-RepWords,S-ComPer,S-MaxDepth,S-BlockCount,S-CycCom,T-#T, T-#PT, T-#FT, T-%PT, T-%FT, T-#E, T-#VE, T_#NVE, T-#V, T-Spa, T-Cov, T-CovPT, T-CovFT, T-AvgVE, T-AvgVEPT, T-AvgVEFT, T-#VEP^FT, T-%VEP^FT
40.781148197856496,9.42256755921342,4.040144094435142,1.0871319324706334,2.990739083901431,2.501547207117146,4.678283312541328,0.4482897399317819,1.643489786920874,2.530689597951369,5.921697197853564,36, 35, 1, 0.9722, 0.0278, 380, 192, 188, 722, 0.0528, 0.5053, 0.5053, 0.0895, 20.0556, 19.6571, 34, 34, 0.1771
