S-WordCount,S-LineCount,S-Density,S-ParaCount,S-FunCalls,S-VarCount,S-RepWords,S-ComPer,S-MaxDepth,S-BlockCount,S-CycCom
28.038051062929156,6.501009288129123,4.153771314470778,1.232561269701395,2.0109892743215974,1.470449259312957,3.5791969249430213,0.5687638789506548,1.4445789614043736,2.020818221364946,3.6723894563036787
