S-WordCount,S-LineCount,S-Density,S-ParaCount,S-FunCalls,S-VarCount,S-RepWords,S-ComPer,S-MaxDepth,S-BlockCount,S-CycCom
40.79711414839207,9.435058878959612,4.036107210553113,1.0877482447118534,2.9918958039664982,2.504797278667909,4.669394405018812,0.4493210171891327,1.6443486040032989,2.532243594562299,5.926021821810303
