S-WordCount,S-LineCount,S-Density,S-ParaCount,S-FunCalls,S-VarCount,S-RepWords,S-ComPer,S-MaxDepth,S-BlockCount,S-CycCom,T-#T, T-#PT, T-#FT, T-%PT, T-%FT, T-#E, T-#VE, T_#NVE, T-#V, T-Spa, T-Cov, T-CovPT, T-CovFT, T-AvgVE, T-AvgVEPT, T-AvgVEFT, T-#VEP^FT, T-%VEP^FT
41.91134719375958,9.708070701247859,4.013951565542146,1.031210786452844,3.0150519287185085,2.578620060412117,4.922355221424068,0.4495014250545519,1.6870565608916268,2.5824454651920195,6.372672851447858,288, 284, 4, 0.9861, 0.0139, 138, 74, 64, 2197, 0.0553, 0.5362, 0.529, 0.1522, 7.6285, 7.5035, 16.5, 20, 0.2703
