S-WordCount,S-LineCount,S-Density,S-ParaCount,S-FunCalls,S-VarCount,S-RepWords,S-ComPer,S-MaxDepth,S-BlockCount,S-CycCom,T-#T, T-#PT, T-#FT, T-%PT, T-%FT, T-#E, T-#VE, T_#NVE, T-#V, T-Spa, T-Cov, T-CovPT, T-CovFT, T-AvgVE, T-AvgVEPT, T-AvgVEFT, T-#VEP^FT, T-%VEP^FT
28.678592911165488,6.682480941912942,4.136280153195663,1.2111328704661957,1.996312559491896,1.4861840687190109,3.746121789813662,0.5690627773634795,1.4714013203116565,2.048262829931596,3.915161404028392,288, 284, 4, 0.9861, 0.0139, 138, 74, 64, 2197, 0.0553, 0.5362, 0.529, 0.1522, 7.6285, 7.5035, 16.5, 20, 0.2703
