S-WordCount,S-LineCount,S-Density,S-ParaCount,S-FunCalls,S-VarCount,S-RepWords,S-ComPer,S-MaxDepth,S-BlockCount,S-CycCom
41.928943579571694,9.720408670610102,4.010121937554639,1.0316524497948483,3.0161893759506233,2.5818368881678295,4.914642832563876,0.4504666782591981,1.6879619648372142,2.584019137130244,6.377784793263313
