S-WordCount,S-LineCount,S-Density,S-ParaCount,S-FunCalls,S-VarCount,S-RepWords,S-ComPer,S-MaxDepth,S-BlockCount,S-CycCom
28.678592911165488,6.682480941912942,4.136280153195663,1.2111328704661957,1.996312559491896,1.4861840687190109,3.746121789813662,0.5690627773634795,1.4714013203116565,2.048262829931596,3.915161404028392
