S-WordCount,S-LineCount,S-Density,S-ParaCount,S-FunCalls,S-VarCount,S-RepWords,S-ComPer,S-MaxDepth,S-BlockCount,S-CycCom,T-#T, T-#PT, T-#FT, T-%PT, T-%FT, T-#E, T-#VE, T_#NVE, T-#V, T-Spa, T-Cov, T-CovPT, T-CovFT, T-AvgVE, T-AvgVEPT, T-AvgVEFT, T-#VEP^FT, T-%VEP^FT
46.88374539875722,10.633918956133343,4.0752347558335815,1.0298189204721224,3.431724103461961,2.899925149622677,5.267854493864499,0.47829728572859076,1.7232677936449268,2.7164769384667666,6.634295667564985,1061, 1060, 1, 0.9991, 0.0009, 89, 70, 19, 2716, 0.0288, 0.7865, 0.7865, 0.0112, 2.5598, 2.5613, 1, 1, 0.0143
