S-WordCount,S-LineCount,S-Density,S-ParaCount,S-FunCalls,S-VarCount,S-RepWords,S-ComPer,S-MaxDepth,S-BlockCount,S-CycCom,T-#T, T-#PT, T-#FT, T-%PT, T-%FT, T-#E, T-#VE, T_#NVE, T-#V, T-Spa, T-Cov, T-CovPT, T-CovFT, T-AvgVE, T-AvgVEPT, T-AvgVEFT, T-#VEP^FT, T-%VEP^FT
32.25761130607655,7.39106930542682,4.175720604075984,1.2281613979937624,2.283921335534962,1.7094325603261848,4.002273976783281,0.5877370270500623,1.5056423767401323,2.155786685025005,4.213104464216508,1061, 1060, 1, 0.9991, 0.0009, 89, 70, 19, 2716, 0.0288, 0.7865, 0.7865, 0.0112, 2.5598, 2.5613, 1, 1, 0.0143
