S-WordCount,S-LineCount,S-Density,S-ParaCount,S-FunCalls,S-VarCount,S-RepWords,S-ComPer,S-MaxDepth,S-BlockCount,S-CycCom
32.25761130607655,7.39106930542682,4.175720604075984,1.2281613979937624,2.283921335534962,1.7094325603261848,4.002273976783281,0.5877370270500623,1.5056423767401323,2.155786685025005,4.213104464216508
