S-WordCount,S-LineCount,S-Density,S-ParaCount,S-FunCalls,S-VarCount,S-RepWords,S-ComPer,S-MaxDepth,S-BlockCount,S-CycCom
46.88374539875722,10.633918956133343,4.0752347558335815,1.0298189204721224,3.431724103461961,2.899925149622677,5.267854493864499,0.47829728572859076,1.7232677936449268,2.7164769384667666,6.634295667564985
