S-WordCount,S-LineCount,S-Density,S-ParaCount,S-FunCalls,S-VarCount,S-RepWords,S-ComPer,S-MaxDepth,S-BlockCount,S-CycCom,T-#T, T-#PT, T-#FT, T-%PT, T-%FT, T-#E, T-#VE, T_#NVE, T-#V, T-Spa, T-Cov, T-CovPT, T-CovFT, T-AvgVE, T-AvgVEPT, T-AvgVEFT, T-#VEP^FT, T-%VEP^FT
32.78066797544594,7.301000874527882,4.484161262721402,0.8526852414646364,2.7799778715366044,1.6143661691980196,4.723740363543205,0.4095077959108374,1.5859483405318966,2.2022219189107854,4.575051842983569,92, 91, 1, 0.9891, 0.0109, 38, 10, 28, 411, 0.1176, 0.2632, 0.2632, 0.2632, 4.4674, 4.4066, 10, 10, 1
