S-WordCount,S-LineCount,S-Density,S-ParaCount,S-FunCalls,S-VarCount,S-RepWords,S-ComPer,S-MaxDepth,S-BlockCount,S-CycCom
32.78066797544594,7.301000874527882,4.484161262721402,0.8526852414646364,2.7799778715366044,1.6143661691980196,4.723740363543205,0.4095077959108374,1.5859483405318966,2.2022219189107854,4.575051842983569
