S-WordCount,S-LineCount,S-Density,S-ParaCount,S-FunCalls,S-VarCount,S-RepWords,S-ComPer,S-MaxDepth,S-BlockCount,S-CycCom
26.48811071564431,5.865286319633062,4.328829209655179,0.9847726600209851,2.239025041397735,1.1482873596666463,4.1649763427568915,0.4944158484685882,1.442513447952211,1.8882992650868105,3.408760985649154
