S-WordCount,S-LineCount,S-Density,S-ParaCount,S-FunCalls,S-VarCount,S-RepWords,S-ComPer,S-MaxDepth,S-BlockCount,S-CycCom,T-#T, T-#PT, T-#FT, T-%PT, T-%FT, T-#E, T-#VE, T_#NVE, T-#V, T-Spa, T-Cov, T-CovPT, T-CovFT, T-AvgVE, T-AvgVEPT, T-AvgVEFT, T-#VEP^FT, T-%VEP^FT
27.601163575773306,6.2447473464495475,4.172384154211605,1.0893765575054362,2.302409848449735,1.3859921794828114,3.9375780136203637,0.4864801871963214,1.4855956328633553,1.9599125029602575,3.426497445473193,18, 17, 1, 0.9444, 0.0556, 474, 104, 370, 1108, 0.1299, 0.2194, 0.2194, 0.1371, 61.5556, 61.3529, 65, 65, 0.625
