S-WordCount,S-LineCount,S-Density,S-ParaCount,S-FunCalls,S-VarCount,S-RepWords,S-ComPer,S-MaxDepth,S-BlockCount,S-CycCom,T-#T, T-#PT, T-#FT, T-%PT, T-%FT, T-#E, T-#VE, T_#NVE, T-#V, T-Spa, T-Cov, T-CovPT, T-CovFT, T-AvgVE, T-AvgVEPT, T-AvgVEFT, T-#VEP^FT, T-%VEP^FT
36.40943745448882,8.16080017176099,4.279349436225151,1.0012042131214083,3.0521964026264454,2.044944427494191,4.685946142601082,0.37523469235193435,1.6605540896938795,2.3446832582512656,4.862041681673717,18, 17, 1, 0.9444, 0.0556, 474, 104, 370, 1108, 0.1299, 0.2194, 0.2194, 0.1371, 61.5556, 61.3529, 65, 65, 0.625
