S-WordCount,S-LineCount,S-Density,S-ParaCount,S-FunCalls,S-VarCount,S-RepWords,S-ComPer,S-MaxDepth,S-BlockCount,S-CycCom
36.41460589624579,8.170806632073974,4.27564994380504,1.001632529052259,3.0536155597097747,2.0471935302475766,4.676366308315876,0.37614677621945947,1.661528845997753,2.3458479166357282,4.863785528223189
