S-WordCount,S-LineCount,S-Density,S-ParaCount,S-FunCalls,S-VarCount,S-RepWords,S-ComPer,S-MaxDepth,S-BlockCount,S-CycCom
27.601163575773306,6.2447473464495475,4.172384154211605,1.0893765575054362,2.302409848449735,1.3859921794828114,3.9375780136203637,0.4864801871963214,1.4855956328633553,1.9599125029602575,3.426497445473193
