S-WordCount,S-LineCount,S-Density,S-ParaCount,S-FunCalls,S-VarCount,S-RepWords,S-ComPer,S-MaxDepth,S-BlockCount,S-CycCom,T-#T, T-#PT, T-#FT, T-%PT, T-%FT, T-#E, T-#VE, T_#NVE, T-#V, T-Spa, T-Cov, T-CovPT, T-CovFT, T-AvgVE, T-AvgVEPT, T-AvgVEFT, T-#VEP^FT, T-%VEP^FT
35.557511066891585,8.014311610010344,4.283252217024172,0.9703386801041183,2.8944166795793493,1.9749261270966774,4.751681404330043,0.36842918667830393,1.6513693831095946,2.3512530028141345,4.953580174450198,57, 56, 1, 0.9825, 0.0175, 86, 34, 52, 396, 0.0808, 0.3953, 0.3837, 0.0465, 6.9474, 7, 4, 3, 0.0882
