S-WordCount,S-LineCount,S-Density,S-ParaCount,S-FunCalls,S-VarCount,S-RepWords,S-ComPer,S-MaxDepth,S-BlockCount,S-CycCom
27.381730618743727,6.236895072171236,4.165033483409185,1.058064576702714,2.2103554799210414,1.3482106077324338,3.990173470138366,0.47738320906795406,1.4777881222273241,1.9708136789708246,3.499008020355258
