S-WordCount,S-LineCount,S-Density,S-ParaCount,S-FunCalls,S-VarCount,S-RepWords,S-ComPer,S-MaxDepth,S-BlockCount,S-CycCom
35.56061792520998,8.024908713887008,4.279181139355623,0.9707172924027476,2.895501908668113,1.9771948981220637,4.74130895082541,0.3694150673318732,1.6524171790712314,2.3525584176913763,4.955783866351663
