Project,Version,S-WordCount,S-LineCount,S-Density,S-ParaCount,S-FunCalls,S-VarCount,S-RepWords,S-ComPer,S-MaxDepth,S-BlockCount,S-CycCom,T-#T, T-#PT, T-#FT, T-%PT, T-%FT, T-#E, T-#VE, T_#NVE, T-#V, T-Spa, T-Cov, T-CovPT, T-CovFT, T-AvgVE, T-AvgVEPT, T-AvgVEFT, T-#VEP^FT, T-%VEP^FT
Math,1,46.68333037361171,10.614732424625567,4.069132612959947,1.0287547271244861,3.4126549866620945,2.893212709450708,5.24275684896788,0.4776490923577028,1.720969526304502,2.7150290227102847,6.58524113761852,306, 304, 2, 0.9935, 0.0065, 243, 133, 110, 3356, 0.0451, 0.5473, 0.535, 0.0782, 10.9673, 10.9441, 14.5, 16, 0.1203
Math,2,46.934028608115995,10.661604148143432,4.067948787676672,1.0268241173649624,3.4314036392231393,2.9106452525231026,5.261212064503562,0.4784815309437876,1.7215548859326206,2.7214429945447542,6.620510960256148,17, 16, 1, 0.9412, 0.0588, 244, 70, 174, 527, 0.127, 0.2869, 0.2869, 0.1148, 31, 31.1875, 28, 28, 0.4
Math,3,46.88374539875722,10.633918956133343,4.0752347558335815,1.0298189204721224,3.431724103461961,2.899925149622677,5.267854493864499,0.47829728572859076,1.7232677936449268,2.7164769384667666,6.634295667564985,1061, 1060, 1, 0.9991, 0.0009, 89, 70, 19, 2716, 0.0288, 0.7865, 0.7865, 0.0112, 2.5598, 2.5613, 1, 1, 0.0143
Time,1,18.441537051127646,4.625984077308764,4.092470688568694,0.9706966426197834,2.9562100462993093,0.66332899591804,3.020643311821499,0.44862277219514113,1.4443206882876787,1.7865254031777138,2.1565590495886897,3824, 3823, 1, 0.9997, 0.0003, 1076, 921, 155, 228952, 0.0556, 0.8559, 0.8559, 0.0502, 59.8724, 59.8739, 54, 54, 0.0586
Time,2,18.438935640192895,4.624423230747918,4.092581181951409,0.9706966426197835,2.9556897641123596,0.6633289959180398,3.02033466984619,0.4486956770434658,1.4440120463123705,1.7860051209907657,2.1558271271901006,3862, 3861, 1, 0.9997, 0.0003, 1694, 1451, 243, 265196, 0.0405, 0.8566, 0.8566, 0.0266, 68.668, 68.6742, 45, 45, 0.031
Time,3,18.43646650439043,4.622777140212936,4.09488570870038,0.9706966426197832,2.955689764112361,0.6633289959180401,3.01959392910545,0.4487224999833834,1.443271305571629,1.7851820757232753,2.1541810366551206,1308, 1303, 5, 0.9962, 0.0038, 1558, 1121, 437, 112474, 0.0552, 0.7195, 0.7195, 0.1694, 85.9893, 85.7214, 155.8, 264, 0.2355
