S-WordCount,S-LineCount,S-Density,S-ParaCount,S-FunCalls,S-VarCount,S-RepWords,S-ComPer,S-MaxDepth,S-BlockCount,S-CycCom,T-#T, T-#PT, T-#FT, T-%PT, T-%FT, T-#E, T-#VE, T_#NVE, T-#V, T-Spa, T-Cov, T-CovPT, T-CovFT, T-AvgVE, T-AvgVEPT, T-AvgVEFT, T-#VEP^FT, T-%VEP^FT
31.071486583638595,6.969267649774733,4.126507743246519,1.237393879185833,2.076748638226104,1.6525533116989788,3.95818056615221,0.5833356348560229,1.5252701835873392,2.1249811650066968,3.991264586041307,16, 14, 2, 0.875, 0.125, 526, 61, 465, 589, 0.07, 0.116, 0.1141, 0.0856, 36.8125, 35.6429, 45, 44, 0.7213
