S-WordCount,S-LineCount,S-Density,S-ParaCount,S-FunCalls,S-VarCount,S-RepWords,S-ComPer,S-MaxDepth,S-BlockCount,S-CycCom,T-#T, T-#PT, T-#FT, T-%PT, T-%FT, T-#E, T-#VE, T_#NVE, T-#V, T-Spa, T-Cov, T-CovPT, T-CovFT, T-AvgVE, T-AvgVEPT, T-AvgVEFT, T-#VEP^FT, T-%VEP^FT
42.30639893129174,9.423808846413399,4.049564818526958,1.1680743720317668,2.9215635355287546,2.5019391769741293,4.893012325831134,0.47124023717189795,1.7396563988509324,2.6104568434451263,5.811969697595194,16, 14, 2, 0.875, 0.125, 526, 61, 465, 589, 0.07, 0.116, 0.1141, 0.0856, 36.8125, 35.6429, 45, 44, 0.7213
