S-WordCount,S-LineCount,S-Density,S-ParaCount,S-FunCalls,S-VarCount,S-RepWords,S-ComPer,S-MaxDepth,S-BlockCount,S-CycCom
42.33506290691105,9.441835958250858,4.043775147405994,1.1692622706512439,2.9229771960345348,2.5066298409822605,4.880979728679781,0.4728128567470423,1.7412503622869406,2.612993300715856,5.817804385664662
