S-WordCount,S-LineCount,S-Density,S-ParaCount,S-FunCalls,S-VarCount,S-RepWords,S-ComPer,S-MaxDepth,S-BlockCount,S-CycCom
31.071486583638595,6.969267649774733,4.126507743246519,1.237393879185833,2.076748638226104,1.6525533116989788,3.95818056615221,0.5833356348560229,1.5252701835873392,2.1249811650066968,3.991264586041307
