S-WordCount,S-LineCount,S-Density,S-ParaCount,S-FunCalls,S-VarCount,S-RepWords,S-ComPer,S-MaxDepth,S-BlockCount,S-CycCom,T-#T, T-#PT, T-#FT, T-%PT, T-%FT, T-#E, T-#VE, T_#NVE, T-#V, T-Spa, T-Cov, T-CovPT, T-CovFT, T-AvgVE, T-AvgVEPT, T-AvgVEFT, T-#VEP^FT, T-%VEP^FT
40.463383026482994,9.175924222333322,3.956695865621846,1.1406393082262871,2.8057975367427392,2.419380829648205,4.724796175718511,0.472180982455695,1.7180856021613038,2.564538606886865,5.57756780205638,11, 7, 4, 0.6364, 0.3636, 443, 82, 361, 259, 0.0532, 0.1851, 0.0519, 0.1761, 23.5455, 17.4286, 34.25, 19, 0.2317
