S-WordCount,S-LineCount,S-Density,S-ParaCount,S-FunCalls,S-VarCount,S-RepWords,S-ComPer,S-MaxDepth,S-BlockCount,S-CycCom
29.657332476305875,6.765964231776769,4.0673227274987145,1.2494422806932266,1.9735294621995412,1.588392822701853,3.813029792612968,0.584513877160634,1.5049169189815848,2.0858153963168617,3.810168408792507
