S-WordCount,S-LineCount,S-Density,S-ParaCount,S-FunCalls,S-VarCount,S-RepWords,S-ComPer,S-MaxDepth,S-BlockCount,S-CycCom
40.4841722246866,9.192196021224094,3.9508647434229487,1.1416725905493492,2.806735557789342,2.423551396661817,4.712764421409295,0.47367965140358276,1.7195255786331238,2.566789349637077,5.582293411078437
