S-WordCount,S-LineCount,S-Density,S-ParaCount,S-FunCalls,S-VarCount,S-RepWords,S-ComPer,S-MaxDepth,S-BlockCount,S-CycCom,T-#T, T-#PT, T-#FT, T-%PT, T-%FT, T-#E, T-#VE, T_#NVE, T-#V, T-Spa, T-Cov, T-CovPT, T-CovFT, T-AvgVE, T-AvgVEPT, T-AvgVEFT, T-#VEP^FT, T-%VEP^FT
30.757880366945123,6.965261097451341,4.195831312069227,1.2367140775113439,2.138954167189492,1.617430107120626,3.901392386853149,0.5845500384817105,1.478309729162864,2.0734338046876415,4.081280765109864,27, 26, 1, 0.963, 0.037, 990, 203, 787, 3269, 0.1223, 0.2051, 0.204, 0.1667, 121.0741, 119.3846, 165, 164, 0.8079
