S-WordCount,S-LineCount,S-Density,S-ParaCount,S-FunCalls,S-VarCount,S-RepWords,S-ComPer,S-MaxDepth,S-BlockCount,S-CycCom,T-#T, T-#PT, T-#FT, T-%PT, T-%FT, T-#E, T-#VE, T_#NVE, T-#V, T-Spa, T-Cov, T-CovPT, T-CovFT, T-AvgVE, T-AvgVEPT, T-AvgVEFT, T-#VEP^FT, T-%VEP^FT
44.8799974771387,10.084190342488107,4.06092089779829,1.0510337586442664,3.2361145399658406,2.760605533970424,5.147083302884451,0.46929128068070913,1.6930796205087402,2.5935475150141496,6.501210086326606,27, 26, 1, 0.963, 0.037, 990, 203, 787, 3269, 0.1223, 0.2051, 0.204, 0.1667, 121.0741, 119.3846, 165, 164, 0.8079
