S-WordCount,S-LineCount,S-Density,S-ParaCount,S-FunCalls,S-VarCount,S-RepWords,S-ComPer,S-MaxDepth,S-BlockCount,S-CycCom
30.757880366945123,6.965261097451341,4.195831312069227,1.2367140775113439,2.138954167189492,1.617430107120626,3.901392386853149,0.5845500384817105,1.478309729162864,2.0734338046876415,4.081280765109864
