S-WordCount,S-LineCount,S-Density,S-ParaCount,S-FunCalls,S-VarCount,S-RepWords,S-ComPer,S-MaxDepth,S-BlockCount,S-CycCom
44.8799974771387,10.084190342488107,4.06092089779829,1.0510337586442664,3.2361145399658406,2.760605533970424,5.147083302884451,0.46929128068070913,1.6930796205087402,2.5935475150141496,6.501210086326606
