S-WordCount,S-LineCount,S-Density,S-ParaCount,S-FunCalls,S-VarCount,S-RepWords,S-ComPer,S-MaxDepth,S-BlockCount,S-CycCom,T-#T, T-#PT, T-#FT, T-%PT, T-%FT, T-#E, T-#VE, T_#NVE, T-#V, T-Spa, T-Cov, T-CovPT, T-CovFT, T-AvgVE, T-AvgVEPT, T-AvgVEFT, T-#VEP^FT, T-%VEP^FT
36.35076103817599,8.141075153694832,4.276081393597631,1.0046904707240032,3.069496341566966,2.03848308539014,4.673945259427757,0.37570151676065894,1.657607118205557,2.3443264227520806,4.813845564635147,93, 92, 1, 0.9892, 0.0108, 114, 75, 39, 884, 0.0834, 0.6579, 0.6316, 0.2456, 9.5054, 9.3043, 28, 25, 0.3333
