S-WordCount,S-LineCount,S-Density,S-ParaCount,S-FunCalls,S-VarCount,S-RepWords,S-ComPer,S-MaxDepth,S-BlockCount,S-CycCom,T-#T, T-#PT, T-#FT, T-%PT, T-%FT, T-#E, T-#VE, T_#NVE, T-#V, T-Spa, T-Cov, T-CovPT, T-CovFT, T-AvgVE, T-AvgVEPT, T-AvgVEFT, T-#VEP^FT, T-%VEP^FT
27.60317512301262,6.240678629559119,4.169767071235093,1.0936096048634683,2.3134379495801416,1.383237146993815,3.937139883285733,0.48764709929014377,1.4835140694946045,1.9613900998571634,3.405199678269705,93, 92, 1, 0.9892, 0.0108, 114, 75, 39, 884, 0.0834, 0.6579, 0.6316, 0.2456, 9.5054, 9.3043, 28, 25, 0.3333
