S-WordCount,S-LineCount,S-Density,S-ParaCount,S-FunCalls,S-VarCount,S-RepWords,S-ComPer,S-MaxDepth,S-BlockCount,S-CycCom
36.355809226197515,8.151110289113294,4.272341883016259,1.005132076920578,3.0709755471466456,2.040732984706633,4.6642519421731,0.37662252284548564,1.6585818112710515,2.3454998196871086,4.815469732696048
