S-WordCount,S-LineCount,S-Density,S-ParaCount,S-FunCalls,S-VarCount,S-RepWords,S-ComPer,S-MaxDepth,S-BlockCount,S-CycCom
27.60317512301262,6.240678629559119,4.169767071235093,1.0936096048634683,2.3134379495801416,1.383237146993815,3.937139883285733,0.48764709929014377,1.4835140694946045,1.9613900998571634,3.405199678269705
