S-WordCount,S-LineCount,S-Density,S-ParaCount,S-FunCalls,S-VarCount,S-RepWords,S-ComPer,S-MaxDepth,S-BlockCount,S-CycCom,T-#T, T-#PT, T-#FT, T-%PT, T-%FT, T-#E, T-#VE, T_#NVE, T-#V, T-Spa, T-Cov, T-CovPT, T-CovFT, T-AvgVE, T-AvgVEPT, T-AvgVEFT, T-#VEP^FT, T-%VEP^FT
44.817549857586556,10.093017396283727,4.034693693279849,1.0466105178698133,3.24095210461772,2.7511425546340185,5.1327848726833185,0.46788630290509453,1.693595624954391,2.60172848154841,6.544703819140576,17, 16, 1, 0.9412, 0.0588, 283, 73, 210, 567, 0.1179, 0.258, 0.2226, 0.1802, 33.3529, 32.25, 51, 41, 0.5616
