S-WordCount,S-LineCount,S-Density,S-ParaCount,S-FunCalls,S-VarCount,S-RepWords,S-ComPer,S-MaxDepth,S-BlockCount,S-CycCom,T-#T, T-#PT, T-#FT, T-%PT, T-%FT, T-#E, T-#VE, T_#NVE, T-#V, T-Spa, T-Cov, T-CovPT, T-CovFT, T-AvgVE, T-AvgVEPT, T-AvgVEFT, T-#VEP^FT, T-%VEP^FT
30.902728011401795,7.015848002113092,4.17291464795488,1.230071498212299,2.1530793873755405,1.6235104995844463,3.9159330013566533,0.5820932280176347,1.4825737805819026,2.0877324073128687,4.13127062203732,17, 16, 1, 0.9412, 0.0588, 283, 73, 210, 567, 0.1179, 0.258, 0.2226, 0.1802, 33.3529, 32.25, 51, 41, 0.5616
