S-WordCount,S-LineCount,S-Density,S-ParaCount,S-FunCalls,S-VarCount,S-RepWords,S-ComPer,S-MaxDepth,S-BlockCount,S-CycCom
30.902728011401795,7.015848002113092,4.17291464795488,1.230071498212299,2.1530793873755405,1.6235104995844463,3.9159330013566533,0.5820932280176347,1.4825737805819026,2.0877324073128687,4.13127062203732
