S-WordCount,S-LineCount,S-Density,S-ParaCount,S-FunCalls,S-VarCount,S-RepWords,S-ComPer,S-MaxDepth,S-BlockCount,S-CycCom
44.817549857586556,10.093017396283727,4.034693693279849,1.0466105178698133,3.24095210461772,2.7511425546340185,5.1327848726833185,0.46788630290509453,1.693595624954391,2.60172848154841,6.544703819140576
