S-WordCount,S-LineCount,S-Density,S-ParaCount,S-FunCalls,S-VarCount,S-RepWords,S-ComPer,S-MaxDepth,S-BlockCount,S-CycCom,T-#T, T-#PT, T-#FT, T-%PT, T-%FT, T-#E, T-#VE, T_#NVE, T-#V, T-Spa, T-Cov, T-CovPT, T-CovFT, T-AvgVE, T-AvgVEPT, T-AvgVEFT, T-#VEP^FT, T-%VEP^FT
42.57431467295385,9.846235960422028,3.9791921944816546,1.0300080881551594,3.0803515386884825,2.6173415812376852,4.96820652921867,0.45966863597673024,1.6892914119333162,2.6003206572888007,6.505832066580254,77, 74, 3, 0.961, 0.039, 490, 212, 278, 2304, 0.0611, 0.4327, 0.4327, 0.0837, 29.9221, 29.5135, 40, 41, 0.1934
