S-WordCount,S-LineCount,S-Density,S-ParaCount,S-FunCalls,S-VarCount,S-RepWords,S-ComPer,S-MaxDepth,S-BlockCount,S-CycCom
29.23105623571707,6.795668133642734,4.121881861336395,1.2119649180064107,2.0365358771901683,1.5145405415625355,3.8057951185682652,0.5756919386402232,1.477040934274777,2.065768125482233,4.02898106137511
