S-WordCount,S-LineCount,S-Density,S-ParaCount,S-FunCalls,S-VarCount,S-RepWords,S-ComPer,S-MaxDepth,S-BlockCount,S-CycCom
42.57431467295385,9.846235960422028,3.9791921944816546,1.0300080881551594,3.0803515386884825,2.6173415812376852,4.96820652921867,0.45966863597673024,1.6892914119333162,2.6003206572888007,6.505832066580254
