S-WordCount,S-LineCount,S-Density,S-ParaCount,S-FunCalls,S-VarCount,S-RepWords,S-ComPer,S-MaxDepth,S-BlockCount,S-CycCom,T-#T, T-#PT, T-#FT, T-%PT, T-%FT, T-#E, T-#VE, T_#NVE, T-#V, T-Spa, T-Cov, T-CovPT, T-CovFT, T-AvgVE, T-AvgVEPT, T-AvgVEFT, T-#VEP^FT, T-%VEP^FT
29.16906504543835,6.693258791518821,4.053822723087553,1.2466927485526886,1.9268950359176729,1.5718378762659206,3.7571692346361214,0.5965438919208522,1.5045768292181487,2.082416994338781,3.7775082517015055,656, 655, 1, 0.9985, 0.0015, 153, 133, 20, 3235, 0.0322, 0.8693, 0.8562, 0.0131, 4.9314, 4.9359, 2, 0, 0
