S-WordCount,S-LineCount,S-Density,S-ParaCount,S-FunCalls,S-VarCount,S-RepWords,S-ComPer,S-MaxDepth,S-BlockCount,S-CycCom,T-#T, T-#PT, T-#FT, T-%PT, T-%FT, T-#E, T-#VE, T_#NVE, T-#V, T-Spa, T-Cov, T-CovPT, T-CovFT, T-AvgVE, T-AvgVEPT, T-AvgVEFT, T-#VEP^FT, T-%VEP^FT
40.22403298132596,9.159683649013234,3.9733794545684233,1.10736156801235,2.7933915270038163,2.414648376886434,4.690813046312773,0.4856365192154949,1.7186444684762734,2.57024286783932,5.584567722418597,656, 655, 1, 0.9985, 0.0015, 153, 133, 20, 3235, 0.0322, 0.8693, 0.8562, 0.0131, 4.9314, 4.9359, 2, 0, 0
