S-WordCount,S-LineCount,S-Density,S-ParaCount,S-FunCalls,S-VarCount,S-RepWords,S-ComPer,S-MaxDepth,S-BlockCount,S-CycCom
40.24311208012748,9.17519110576004,3.967858695381379,1.1082381039917415,2.7942469967640227,2.418621125698909,4.679192129844529,0.48711496279572203,1.7200235025728676,2.572414565640537,5.589110670377147
