S-WordCount,S-LineCount,S-Density,S-ParaCount,S-FunCalls,S-VarCount,S-RepWords,S-ComPer,S-MaxDepth,S-BlockCount,S-CycCom
29.16906504543835,6.693258791518821,4.053822723087553,1.2466927485526886,1.9268950359176729,1.5718378762659206,3.7571692346361214,0.5965438919208522,1.5045768292181487,2.082416994338781,3.7775082517015055
