S-WordCount,S-LineCount,S-Density,S-ParaCount,S-FunCalls,S-VarCount,S-RepWords,S-ComPer,S-MaxDepth,S-BlockCount,S-CycCom,T-#T, T-#PT, T-#FT, T-%PT, T-%FT, T-#E, T-#VE, T_#NVE, T-#V, T-Spa, T-Cov, T-CovPT, T-CovFT, T-AvgVE, T-AvgVEPT, T-AvgVEFT, T-#VEP^FT, T-%VEP^FT
40.01538434732138,9.302669589547069,4.051802278202803,1.104215090430216,2.7941616610517155,2.5520030168772574,4.68595573029576,0.446364060013316,1.6490494391416102,2.5015305547423314,6.020217157615919,5, 4, 1, 0.8, 0.2, 250, 34, 216, 112, 0.0896, 0.136, 0.136, 0.06, 22.4, 24.25, 15, 15, 0.4412
