S-WordCount,S-LineCount,S-Density,S-ParaCount,S-FunCalls,S-VarCount,S-RepWords,S-ComPer,S-MaxDepth,S-BlockCount,S-CycCom,T-#T, T-#PT, T-#FT, T-%PT, T-%FT, T-#E, T-#VE, T_#NVE, T-#V, T-Spa, T-Cov, T-CovPT, T-CovFT, T-AvgVE, T-AvgVEPT, T-AvgVEFT, T-#VEP^FT, T-%VEP^FT
26.345184112470303,6.13933138840522,4.115722538774417,1.2420543685095857,1.818817544785751,1.419120827388772,3.4803208966899146,0.5730017277804184,1.433607719206764,1.945001360678706,3.5472164879432317,5, 4, 1, 0.8, 0.2, 250, 34, 216, 112, 0.0896, 0.136, 0.136, 0.06, 22.4, 24.25, 15, 15, 0.4412
