S-WordCount,S-LineCount,S-Density,S-ParaCount,S-FunCalls,S-VarCount,S-RepWords,S-ComPer,S-MaxDepth,S-BlockCount,S-CycCom
40.03149294381801,9.316681966167906,4.047194150514255,1.1049740940898511,2.7949137202358023,2.5558889986011035,4.675756052579436,0.4475443650948028,1.6500534307046935,2.50323188895311,6.025480239753702
