S-WordCount,S-LineCount,S-Density,S-ParaCount,S-FunCalls,S-VarCount,S-RepWords,S-ComPer,S-MaxDepth,S-BlockCount,S-CycCom
26.345184112470303,6.13933138840522,4.115722538774417,1.2420543685095857,1.818817544785751,1.419120827388772,3.4803208966899146,0.5730017277804184,1.433607719206764,1.945001360678706,3.5472164879432317
