S-WordCount,S-LineCount,S-Density,S-ParaCount,S-FunCalls,S-VarCount,S-RepWords,S-ComPer,S-MaxDepth,S-BlockCount,S-CycCom,T-#T, T-#PT, T-#FT, T-%PT, T-%FT, T-#E, T-#VE, T_#NVE, T-#V, T-Spa, T-Cov, T-CovPT, T-CovFT, T-AvgVE, T-AvgVEPT, T-AvgVEFT, T-#VEP^FT, T-%VEP^FT
36.63068330736846,8.214283733348385,4.282973361813429,1.0051687123007123,3.0622187914452343,2.0674324035537204,4.7077629662292475,0.3747948517767159,1.667583801230434,2.361124420722497,4.918149275278813,36, 35, 1, 0.9722, 0.0278, 639, 133, 506, 1821, 0.0792, 0.2081, 0.2081, 0.0626, 50.5833, 50.8857, 40, 40, 0.3008
