S-WordCount,S-LineCount,S-Density,S-ParaCount,S-FunCalls,S-VarCount,S-RepWords,S-ComPer,S-MaxDepth,S-BlockCount,S-CycCom
27.767164394860213,6.274512796598364,4.221262716360122,1.0939975723667412,2.3093207692512023,1.396246091866969,3.9781548368215263,0.48613807644740487,1.4882137666749637,1.9696163193180254,3.4588564488887488
