S-WordCount,S-LineCount,S-Density,S-ParaCount,S-FunCalls,S-VarCount,S-RepWords,S-ComPer,S-MaxDepth,S-BlockCount,S-CycCom
36.63639976028897,8.224326963389045,4.279324202440494,1.0056031791481064,3.0636498221910857,2.0697183685066807,4.698347438394221,0.37569576576433644,1.6685671113220657,2.362321271808956,4.920027362832113
