S-WordCount,S-LineCount,S-Density,S-ParaCount,S-FunCalls,S-VarCount,S-RepWords,S-ComPer,S-MaxDepth,S-BlockCount,S-CycCom,T-#T, T-#PT, T-#FT, T-%PT, T-%FT, T-#E, T-#VE, T_#NVE, T-#V, T-Spa, T-Cov, T-CovPT, T-CovFT, T-AvgVE, T-AvgVEPT, T-AvgVEFT, T-#VEP^FT, T-%VEP^FT
44.77072816719231,10.287843526451853,3.988661700362162,1.0290035972068954,3.19258109443809,2.7740021752321256,5.159172765129901,0.45915039774827215,1.7079512645796402,2.6361034491452897,6.672995787917128,210, 209, 1, 0.9952, 0.0048, 194, 64, 130, 2422, 0.0595, 0.3299, 0.3247, 0.0619, 11.5333, 11.5311, 12, 11, 0.1719
