S-WordCount,S-LineCount,S-Density,S-ParaCount,S-FunCalls,S-VarCount,S-RepWords,S-ComPer,S-MaxDepth,S-BlockCount,S-CycCom
30.48828363560757,7.055057789229183,4.146490058667619,1.220400460658473,2.0886750430701864,1.607964047835498,3.9135023782861977,0.5752179389148986,1.490217126418051,2.0892928293824666,4.159919617328264
