S-WordCount,S-LineCount,S-Density,S-ParaCount,S-FunCalls,S-VarCount,S-RepWords,S-ComPer,S-MaxDepth,S-BlockCount,S-CycCom
44.77072816719231,10.287843526451853,3.988661700362162,1.0290035972068954,3.19258109443809,2.7740021752321256,5.159172765129901,0.45915039774827215,1.7079512645796402,2.6361034491452897,6.672995787917128
