S-WordCount,S-LineCount,S-Density,S-ParaCount,S-FunCalls,S-VarCount,S-RepWords,S-ComPer,S-MaxDepth,S-BlockCount,S-CycCom,T-#T, T-#PT, T-#FT, T-%PT, T-%FT, T-#E, T-#VE, T_#NVE, T-#V, T-Spa, T-Cov, T-CovPT, T-CovFT, T-AvgVE, T-AvgVEPT, T-AvgVEFT, T-#VEP^FT, T-%VEP^FT
26.51069457142665,5.870956494679827,4.329676492127967,0.9855622193624979,2.2397390847001653,1.1493333594619128,4.166150618936219,0.49435522352227323,1.4426393898018193,1.8893499179060773,3.412516286218995,21, 20, 1, 0.9524, 0.0476, 57, 33, 24, 224, 0.1871, 0.5789, 0.4561, 0.2807, 10.6667, 10.4, 16, 9, 0.2727
