S-WordCount,S-LineCount,S-Density,S-ParaCount,S-FunCalls,S-VarCount,S-RepWords,S-ComPer,S-MaxDepth,S-BlockCount,S-CycCom,T-#T, T-#PT, T-#FT, T-%PT, T-%FT, T-#E, T-#VE, T_#NVE, T-#V, T-Spa, T-Cov, T-CovPT, T-CovFT, T-AvgVE, T-AvgVEPT, T-AvgVEFT, T-#VEP^FT, T-%VEP^FT
32.80602880771907,7.3074810511078585,4.485034358116582,0.853531734315116,2.780772257450594,1.6155103230550627,4.724883601802741,0.4094581882034116,1.5860022656893458,2.203365299314624,4.579203337592165,21, 20, 1, 0.9524, 0.0476, 57, 33, 24, 224, 0.1871, 0.5789, 0.4561, 0.2807, 10.6667, 10.4, 16, 9, 0.2727
