S-WordCount,S-LineCount,S-Density,S-ParaCount,S-FunCalls,S-VarCount,S-RepWords,S-ComPer,S-MaxDepth,S-BlockCount,S-CycCom
32.80602880771907,7.3074810511078585,4.485034358116582,0.853531734315116,2.780772257450594,1.6155103230550627,4.724883601802741,0.4094581882034116,1.5860022656893458,2.203365299314624,4.579203337592165
