S-WordCount,S-LineCount,S-Density,S-ParaCount,S-FunCalls,S-VarCount,S-RepWords,S-ComPer,S-MaxDepth,S-BlockCount,S-CycCom
26.51069457142665,5.870956494679827,4.329676492127967,0.9855622193624979,2.2397390847001653,1.1493333594619128,4.166150618936219,0.49435522352227323,1.4426393898018193,1.8893499179060773,3.412516286218995
