S-WordCount,S-LineCount,S-Density,S-ParaCount,S-FunCalls,S-VarCount,S-RepWords,S-ComPer,S-MaxDepth,S-BlockCount,S-CycCom
17.516874772984902,4.546564043112445,3.83240160652346,1.021249074994678,3.0408179357493155,0.5224838822775612,3.0175013932396224,0.4023777403933424,1.3603683241229034,1.6613914982318405,1.6788142121265932
