S-WordCount,S-LineCount,S-Density,S-ParaCount,S-FunCalls,S-VarCount,S-RepWords,S-ComPer,S-MaxDepth,S-BlockCount,S-CycCom
17.5575327073599,4.419845800192807,4.033146187774722,0.9499643155876468,2.5763748624032266,0.5859988005444129,2.8059948376280324,0.36842900143115,1.399226567315147,1.7294640148481466,1.8363456131472733
