S-WordCount,S-LineCount,S-Density,S-ParaCount,S-FunCalls,S-VarCount,S-RepWords,S-ComPer,S-MaxDepth,S-BlockCount,S-CycCom,T-#T, T-#PT, T-#FT, T-%PT, T-%FT, T-#E, T-#VE, T_#NVE, T-#V, T-Spa, T-Cov, T-CovPT, T-CovFT, T-AvgVE, T-AvgVEPT, T-AvgVEFT, T-#VEP^FT, T-%VEP^FT
30.66280157153753,6.943360503521229,4.208210866019705,1.2381516937640937,2.138517122100307,1.6102661846527733,3.886565583620774,0.584459676427029,1.480483026402096,2.0707465495326987,4.053358985761691,2739, 2737, 2, 0.9993, 0.0007, 228, 189, 39, 17581, 0.0282, 0.8289, 0.8289, 0.1096, 6.4188, 6.4052, 25, 25, 0.1323
