S-WordCount,S-LineCount,S-Density,S-ParaCount,S-FunCalls,S-VarCount,S-RepWords,S-ComPer,S-MaxDepth,S-BlockCount,S-CycCom,T-#T, T-#PT, T-#FT, T-%PT, T-%FT, T-#E, T-#VE, T_#NVE, T-#V, T-Spa, T-Cov, T-CovPT, T-CovFT, T-AvgVE, T-AvgVEPT, T-AvgVEFT, T-#VEP^FT, T-%VEP^FT
44.692905668416074,10.042969363159159,4.05998061623786,1.0461188122109708,3.224496177013921,2.7496730625530117,5.10551521767082,0.471744623402756,1.6947068281232005,2.591114489637754,6.448625145424337,2739, 2737, 2, 0.9993, 0.0007, 228, 189, 39, 17581, 0.0282, 0.8289, 0.8289, 0.1096, 6.4188, 6.4052, 25, 25, 0.1323
