S-WordCount,S-LineCount,S-Density,S-ParaCount,S-FunCalls,S-VarCount,S-RepWords,S-ComPer,S-MaxDepth,S-BlockCount,S-CycCom
44.692905668416074,10.042969363159159,4.05998061623786,1.0461188122109708,3.224496177013921,2.7496730625530117,5.10551521767082,0.471744623402756,1.6947068281232005,2.591114489637754,6.448625145424337
