S-WordCount,S-LineCount,S-Density,S-ParaCount,S-FunCalls,S-VarCount,S-RepWords,S-ComPer,S-MaxDepth,S-BlockCount,S-CycCom
30.66280157153753,6.943360503521229,4.208210866019705,1.2381516937640937,2.138517122100307,1.6102661846527733,3.886565583620774,0.584459676427029,1.480483026402096,2.0707465495326987,4.053358985761691
