S-WordCount,S-LineCount,S-Density,S-ParaCount,S-FunCalls,S-VarCount,S-RepWords,S-ComPer,S-MaxDepth,S-BlockCount,S-CycCom
17.097165422311534,4.387982823834988,3.8623578879056764,1.0393666043781347,2.6909695865798127,0.5859030987876289,2.85151565334075,0.49369571629269826,1.397669378116728,1.7064190818292948,1.9351092569466817
