S-WordCount,S-LineCount,S-Density,S-ParaCount,S-FunCalls,S-VarCount,S-RepWords,S-ComPer,S-MaxDepth,S-BlockCount,S-CycCom
18.311010849252085,4.608819218006194,4.075179971252937,0.9701597520068366,2.967862048869467,0.6583247249218581,3.012583560275712,0.4520340113147548,1.4429371726643068,1.7801271183967138,2.1239042618316826
