S-WordCount,S-LineCount,S-Density,S-ParaCount,S-FunCalls,S-VarCount,S-RepWords,S-ComPer,S-MaxDepth,S-BlockCount,S-CycCom,T-#T, T-#PT, T-#FT, T-%PT, T-%FT, T-#E, T-#VE, T_#NVE, T-#V, T-Spa, T-Cov, T-CovPT, T-CovFT, T-AvgVE, T-AvgVEPT, T-AvgVEFT, T-#VEP^FT, T-%VEP^FT
30.98595837386462,7.031520974645462,4.174183581336498,1.2301330595629918,2.1555937113799946,1.624374158972378,3.9184045088981447,0.5829711506633426,1.4844678665028719,2.0917590254861533,4.133259385252829,88, 86, 2, 0.9773, 0.0227, 302, 143, 159, 1615, 0.0608, 0.4735, 0.4669, 0.1093, 18.3523, 18.2791, 21.5, 31, 0.2168
