S-WordCount,S-LineCount,S-Density,S-ParaCount,S-FunCalls,S-VarCount,S-RepWords,S-ComPer,S-MaxDepth,S-BlockCount,S-CycCom,T-#T, T-#PT, T-#FT, T-%PT, T-%FT, T-#E, T-#VE, T_#NVE, T-#V, T-Spa, T-Cov, T-CovPT, T-CovFT, T-AvgVE, T-AvgVEPT, T-AvgVEFT, T-#VEP^FT, T-%VEP^FT
44.93064068953321,10.112163179175122,4.036969652634521,1.046735236391824,3.24606310739778,2.7527039478432656,5.135028727562368,0.46911117631116017,1.695727089111693,2.6062491155383225,6.546114907007646,88, 86, 2, 0.9773, 0.0227, 302, 143, 159, 1615, 0.0608, 0.4735, 0.4669, 0.1093, 18.3523, 18.2791, 21.5, 31, 0.2168
