S-WordCount,S-LineCount,S-Density,S-ParaCount,S-FunCalls,S-VarCount,S-RepWords,S-ComPer,S-MaxDepth,S-BlockCount,S-CycCom
44.93064068953321,10.112163179175122,4.036969652634521,1.046735236391824,3.24606310739778,2.7527039478432656,5.135028727562368,0.46911117631116017,1.695727089111693,2.6062491155383225,6.546114907007646
