S-WordCount,S-LineCount,S-Density,S-ParaCount,S-FunCalls,S-VarCount,S-RepWords,S-ComPer,S-MaxDepth,S-BlockCount,S-CycCom
30.98595837386462,7.031520974645462,4.174183581336498,1.2301330595629918,2.1555937113799946,1.624374158972378,3.9184045088981447,0.5829711506633426,1.4844678665028719,2.0917590254861533,4.133259385252829
