S-WordCount,S-LineCount,S-Density,S-ParaCount,S-FunCalls,S-VarCount,S-RepWords,S-ComPer,S-MaxDepth,S-BlockCount,S-CycCom,T-#T, T-#PT, T-#FT, T-%PT, T-%FT, T-#E, T-#VE, T_#NVE, T-#V, T-Spa, T-Cov, T-CovPT, T-CovFT, T-AvgVE, T-AvgVEPT, T-AvgVEFT, T-#VEP^FT, T-%VEP^FT
36.298261022835746,8.15688982116589,4.271639370098516,1.0052648116166636,3.0424805400935693,2.0483619435634037,4.673198342254684,0.376189378609459,1.6618757036609264,2.3490167591492743,4.873738872291493,9, 8, 1, 0.8889, 0.1111, 36, 31, 5, 113, 0.3488, 0.8611, 0.8056, 0.4167, 12.5556, 12.25, 15, 13, 0.4194
