S-WordCount,S-LineCount,S-Density,S-ParaCount,S-FunCalls,S-VarCount,S-RepWords,S-ComPer,S-MaxDepth,S-BlockCount,S-CycCom
27.557727681065195,6.242692098907087,4.211858508109172,1.0931888431840429,2.298658985446175,1.3862270771626495,3.9535424779848203,0.4867405375748469,1.4852348574654421,1.963052824540026,3.4335302585141
