S-WordCount,S-LineCount,S-Density,S-ParaCount,S-FunCalls,S-VarCount,S-RepWords,S-ComPer,S-MaxDepth,S-BlockCount,S-CycCom
36.30301723765836,8.166669357065095,4.267999028687141,1.0056948412530478,3.043842753611491,2.050571653597984,4.663791186007134,0.3770843219778417,1.6628329560824608,2.350167947895414,4.875476628079388
