S-WordCount,S-LineCount,S-Density,S-ParaCount,S-FunCalls,S-VarCount,S-RepWords,S-ComPer,S-MaxDepth,S-BlockCount,S-CycCom
17.133822592890947,4.388430327818649,3.8680621594519384,1.0437752719627005,2.671330435338144,0.5865758444134669,2.8489603643752077,0.49246178202980245,1.3971588959266041,1.7080354826852528,1.9474173987895524
