S-WordCount,S-LineCount,S-Density,S-ParaCount,S-FunCalls,S-VarCount,S-RepWords,S-ComPer,S-MaxDepth,S-BlockCount,S-CycCom
18.438935640192895,4.624423230747918,4.092581181951409,0.9706966426197835,2.9556897641123596,0.6633289959180398,3.02033466984619,0.4486956770434658,1.4440120463123705,1.7860051209907657,2.1558271271901006
