S-WordCount,S-LineCount,S-Density,S-ParaCount,S-FunCalls,S-VarCount,S-RepWords,S-ComPer,S-MaxDepth,S-BlockCount,S-CycCom,T-#T, T-#PT, T-#FT, T-%PT, T-%FT, T-#E, T-#VE, T_#NVE, T-#V, T-Spa, T-Cov, T-CovPT, T-CovFT, T-AvgVE, T-AvgVEPT, T-AvgVEFT, T-#VEP^FT, T-%VEP^FT
42.30619006541341,9.796377225703015,3.99279532108522,1.0274168031927298,3.0206652021908953,2.604216425481662,4.943877613781427,0.4526604493025973,1.6867326850954618,2.593507032281714,6.434827308308313,85, 83, 2, 0.9765, 0.0235, 99, 65, 34, 529, 0.0629, 0.6566, 0.6566, 0.0707, 6.2235, 6.2651, 4.5, 7, 0.1077
