S-WordCount,S-LineCount,S-Density,S-ParaCount,S-FunCalls,S-VarCount,S-RepWords,S-ComPer,S-MaxDepth,S-BlockCount,S-CycCom
42.32468465714432,9.808896072577436,3.9889244392489784,1.0278483816618682,3.021813306152156,2.6074865378500225,4.936234831543176,0.45363092577163255,1.687635162184514,2.5951032944464907,6.440075065635786
