S-WordCount,S-LineCount,S-Density,S-ParaCount,S-FunCalls,S-VarCount,S-RepWords,S-ComPer,S-MaxDepth,S-BlockCount,S-CycCom
29.055912612954753,6.766077060848834,4.134980737833026,1.2171153231047378,2.0033246738191783,1.5118439452980013,3.776284587789469,0.5703090278092013,1.4751288077512046,2.0610471289079255,3.9791147723447047
