S-WordCount,S-LineCount,S-Density,S-ParaCount,S-FunCalls,S-VarCount,S-RepWords,S-ComPer,S-MaxDepth,S-BlockCount,S-CycCom
17.132577835192237,4.390360203910777,3.8672356632111944,1.04001226694831,2.6929848770585556,0.5869308483876701,2.8530947277887777,0.4935811750222596,1.3969756172504884,1.706338107976967,1.9409308069207851
