S-WordCount,S-LineCount,S-Density,S-ParaCount,S-FunCalls,S-VarCount,S-RepWords,S-ComPer,S-MaxDepth,S-BlockCount,S-CycCom
18.347432315491883,4.610495155475522,4.080485119595536,0.9708773180229094,2.969555260289598,0.6593486185750397,3.0139744360081147,0.45186385102138077,1.4419686901295705,1.779733896629106,2.129709098403848
