S-WordCount,S-LineCount,S-Density,S-ParaCount,S-FunCalls,S-VarCount,S-RepWords,S-ComPer,S-MaxDepth,S-BlockCount,S-CycCom
18.470792750678758,4.636190892040102,4.102143124855841,0.974560852448932,2.9769417499543867,0.6656878906010468,3.02747355853125,0.4496108131736989,1.4450717928094334,1.7884816269314625,2.1602824922583177
