S-WordCount,S-LineCount,S-Density,S-ParaCount,S-FunCalls,S-VarCount,S-RepWords,S-ComPer,S-MaxDepth,S-BlockCount,S-CycCom
17.168102302588956,4.400390884931293,3.874622667864769,1.0431343107319424,2.6924542442560617,0.589695652906809,2.8560876714364807,0.49277326033318203,1.3982991405353502,1.711134722216341,1.9537489006911064
