S-WordCount,S-LineCount,S-Density,S-ParaCount,S-FunCalls,S-VarCount,S-RepWords,S-ComPer,S-MaxDepth,S-BlockCount,S-CycCom,T-#T, T-#PT, T-#FT, T-%PT, T-%FT, T-#E, T-#VE, T_#NVE, T-#V, T-Spa, T-Cov, T-CovPT, T-CovFT, T-AvgVE, T-AvgVEPT, T-AvgVEFT, T-#VEP^FT, T-%VEP^FT
29.84973778539246,7.255316816260333,3.965630007018664,1.0443071358347351,2.251462855477617,1.3384180465566857,3.887115239987513,0.540484592068245,1.6064633337707794,2.260704375380243,4.454896589052558,10, 9, 1, 0.9, 0.1, 22, 22, 0, 94, 0.4273, 1, 1, 0.1364, 9.4, 10.1111, 3, 3, 0.1364
