S-WordCount,S-LineCount,S-Density,S-ParaCount,S-FunCalls,S-VarCount,S-RepWords,S-ComPer,S-MaxDepth,S-BlockCount,S-CycCom,T-#T, T-#PT, T-#FT, T-%PT, T-%FT, T-#E, T-#VE, T_#NVE, T-#V, T-Spa, T-Cov, T-CovPT, T-CovFT, T-AvgVE, T-AvgVEPT, T-AvgVEFT, T-#VEP^FT, T-%VEP^FT
24.823883122597774,5.993300694454462,3.701858231125007,0.9891786314576521,1.775265421200984,1.0458065786832476,3.4415605262508704,0.5966601120287985,1.4752601313819464,1.9788541375716997,3.535974086112859,10, 9, 1, 0.9, 0.1, 22, 22, 0, 94, 0.4273, 1, 1, 0.1364, 9.4, 10.1111, 3, 3, 0.1364
