S-WordCount,S-LineCount,S-Density,S-ParaCount,S-FunCalls,S-VarCount,S-RepWords,S-ComPer,S-MaxDepth,S-BlockCount,S-CycCom
24.823883122597774,5.993300694454462,3.701858231125007,0.9891786314576521,1.775265421200984,1.0458065786832476,3.4415605262508704,0.5966601120287985,1.4752601313819464,1.9788541375716997,3.535974086112859
