S-WordCount,S-LineCount,S-Density,S-ParaCount,S-FunCalls,S-VarCount,S-RepWords,S-ComPer,S-MaxDepth,S-BlockCount,S-CycCom,T-#T, T-#PT, T-#FT, T-%PT, T-%FT, T-#E, T-#VE, T_#NVE, T-#V, T-Spa, T-Cov, T-CovPT, T-CovFT, T-AvgVE, T-AvgVEPT, T-AvgVEFT, T-#VEP^FT, T-%VEP^FT
46.082619154014054,10.446981836671911,4.0755527144048695,1.027825577918106,3.401563849897556,2.8156139005963947,5.221810902682098,0.4796010045313069,1.7150052244902643,2.697995878599292,6.49913893180784,53, 51, 2, 0.9623, 0.0377, 469, 186, 283, 4174, 0.1679, 0.3966, 0.3966, 0.1173, 78.7547, 80.549, 33, 55, 0.2957
