S-WordCount,S-LineCount,S-Density,S-ParaCount,S-FunCalls,S-VarCount,S-RepWords,S-ComPer,S-MaxDepth,S-BlockCount,S-CycCom,T-#T, T-#PT, T-#FT, T-%PT, T-%FT, T-#E, T-#VE, T_#NVE, T-#V, T-Spa, T-Cov, T-CovPT, T-CovFT, T-AvgVE, T-AvgVEPT, T-AvgVEFT, T-#VEP^FT, T-%VEP^FT
31.594696419291708,7.239551135281577,4.174661695678598,1.22724015554851,2.2660910677341244,1.6454272441594535,3.9665859671928385,0.5882344622299754,1.4992352974024818,2.1408528655370045,4.108540705009726,53, 51, 2, 0.9623, 0.0377, 469, 186, 283, 4174, 0.1679, 0.3966, 0.3966, 0.1173, 78.7547, 80.549, 33, 55, 0.2957
