S-WordCount,S-LineCount,S-Density,S-ParaCount,S-FunCalls,S-VarCount,S-RepWords,S-ComPer,S-MaxDepth,S-BlockCount,S-CycCom
46.082619154014054,10.446981836671911,4.0755527144048695,1.027825577918106,3.401563849897556,2.8156139005963947,5.221810902682098,0.4796010045313069,1.7150052244902643,2.697995878599292,6.49913893180784
