S-WordCount,S-LineCount,S-Density,S-ParaCount,S-FunCalls,S-VarCount,S-RepWords,S-ComPer,S-MaxDepth,S-BlockCount,S-CycCom
31.594696419291708,7.239551135281577,4.174661695678598,1.22724015554851,2.2660910677341244,1.6454272441594535,3.9665859671928385,0.5882344622299754,1.4992352974024818,2.1408528655370045,4.108540705009726
