S-WordCount,S-LineCount,S-Density,S-ParaCount,S-FunCalls,S-VarCount,S-RepWords,S-ComPer,S-MaxDepth,S-BlockCount,S-CycCom,T-#T, T-#PT, T-#FT, T-%PT, T-%FT, T-#E, T-#VE, T_#NVE, T-#V, T-Spa, T-Cov, T-CovPT, T-CovFT, T-AvgVE, T-AvgVEPT, T-AvgVEFT, T-#VEP^FT, T-%VEP^FT
32.89396358184681,7.311782970814697,4.442166354042144,0.8354340052748321,2.7854485000958333,1.6523462108668299,4.696645005048246,0.42005349234676975,1.5823033604697228,2.1988257630004395,4.5539572847367475,49, 48, 1, 0.9796, 0.0204, 114, 56, 58, 1093, 0.1957, 0.4912, 0.4825, 0.3684, 22.3061, 21.8958, 42, 41, 0.7321
