S-WordCount,S-LineCount,S-Density,S-ParaCount,S-FunCalls,S-VarCount,S-RepWords,S-ComPer,S-MaxDepth,S-BlockCount,S-CycCom
26.456105887952596,5.865169409518417,4.278487324018115,0.9704722233973468,2.2160395800652157,1.167488733173313,4.128954229132888,0.5042009627567983,1.4392139297409174,1.8867499864082193,3.3880457324332593
