S-WordCount,S-LineCount,S-Density,S-ParaCount,S-FunCalls,S-VarCount,S-RepWords,S-ComPer,S-MaxDepth,S-BlockCount,S-CycCom
32.88815263500367,7.321582693190517,4.438009465921067,0.8353961259784404,2.7863212455433075,1.6538358821745969,4.68442874657193,0.4213785565165191,1.5832737175466747,2.1998001405266727,4.555099291994586
